taskId,alpha,beta,requiredCycles,dataSize,serverId,queueLength,channelRate,predictedDelay,predictedEnergy,actualDelay,actualEnergy
1,22010,79,22010,79,2,0.0,1.0,112.5562973022461,0.0,0.0,0.0
2,3285,4859,3285,4859,2,0.0,1.0,-23.5062313079834,0.0,0.0,0.0
3,5567,114,5567,114,2,0.0,1.0,21.654809951782227,0.0,0.0,0.0
4,11996,1718,11996,1718,2,0.0,1.0,28.67681312561035,0.0,0.0,0.0
5,17268,8,17268,8,2,0.0,1.0,88.9963607788086,0.0,0.0,0.0
6,7625,30,7625,30,1,0.0,1.0,54.94424057006836,0.0,0.0,0.0
7,21089,39,21089,39,0,0.0,1.0,82.0671615600586,0.0,0.0,0.0
8,3525,321,3525,321,2,0.0,1.0,12.50922679901123,0.0,0.0,0.0
9,494644,2759,494644,2759,0,0.0,1.0,1965.866943359375,0.0,0.0,0.0
10,2942,2739,2942,2739,2,0.0,1.0,-7.8988847732543945,0.0,0.0,0.0
11,7010,57,7010,57,2,0.0,1.0,28.5501651763916,0.0,0.0,0.0
12,43000,452,43000,452,2,0.0,1.0,170.37033081054688,0.0,0.0,0.0
13,1464,350,1464,350,2,0.0,1.0,0.14154335856437683,0.0,0.0,0.0
14,4758,885,4758,885,0,0.0,1.0,7.310877799987793,0.0,0.0,0.0
15,10704,1587,10704,1587,2,0.0,1.0,24.14763832092285,0.0,0.0,0.0
16,1066,20,1066,20,2,0.0,1.0,-49.84341812133789,0.0,0.0,0.0
17,7763,13,7763,13,2,0.0,1.0,82.4772720336914,0.0,0.0,0.0
18,6924,4120,6924,4120,2,0.0,1.0,-40.3519172668457,0.0,0.0,0.0
19,5729,11,5729,11,0,0.0,1.0,23.0760440826416,0.0,0.0,0.0
20,35401,8995,35401,8995,0,0.0,1.0,-10.086827278137207,0.0,0.0,0.0
21,2210,191,2210,191,0,0.0,1.0,7.745509147644043,0.0,0.0,0.0
22,3876,729,3876,729,2,0.0,1.0,5.826655387878418,0.0,0.0,0.0
23,28909,689,28909,689,2,0.0,1.0,111.55574798583984,0.0,0.0,0.0
24,12871,1,12871,1,2,0.0,1.0,58.59682846069336,0.0,0.0,0.0
25,2130,1363,2130,1363,2,0.0,1.0,-12.45891284942627,0.0,0.0,0.0
26,5792,1,5792,1,0,0.0,1.0,-25.32655906677246,0.0,0.0,0.0
27,2232,4250,2232,4250,2,0.0,1.0,-21.96162986755371,0.0,0.0,0.0
28,1453,1340,1453,1340,2,0.0,1.0,-3.690823554992676,0.0,0.0,0.0
29,172860,440,172860,440,0,0.0,1.0,680.4279174804688,0.0,0.0,0.0
30,2015,2,2015,2,2,0.0,1.0,14.823885917663574,0.0,0.0,0.0
31,12560,3287,12560,3287,2,0.0,1.0,-5.026280403137207,0.0,0.0,0.0
32,5958,56,5958,56,2,0.0,1.0,61.78867721557617,0.0,0.0,0.0
33,9623,1981,9623,1981,0,0.0,1.0,9.675501823425293,0.0,0.0,0.0
34,36778,521,36778,521,2,0.0,1.0,144.56295776367188,0.0,0.0,0.0
35,10095,1436,10095,1436,2,0.0,1.0,24.4445743560791,0.0,0.0,0.0
36,6197,17,6197,17,2,0.0,1.0,68.00932312011719,0.0,0.0,0.0
37,93,4179,93,4179,2,0.0,1.0,8.251032829284668,0.0,0.0,0.0
38,55558,87,55558,87,0,0.0,1.0,251.26840209960938,0.0,0.0,0.0
39,581,571,581,571,2,0.0,1.0,-3.0022497177124023,0.0,0.0,0.0
40,118,266,118,266,2,0.0,1.0,-4.251546859741211,0.0,0.0,0.0
41,9446,1845,9446,1845,2,0.0,1.0,10.686549186706543,0.0,0.0,0.0
42,2744,54,2744,54,2,0.0,1.0,25.99430274963379,0.0,0.0,0.0
43,2170,13,2170,13,2,0.0,1.0,26.642873764038086,0.0,0.0,0.0
44,796,100,796,100,2,0.0,1.0,-50.71932601928711,0.0,0.0,0.0
45,5114,3883,5114,3883,2,0.0,1.0,-10.563679695129395,0.0,0.0,0.0
46,102,15,102,15,2,0.0,1.0,-32.00679397583008,0.0,0.0,0.0
47,1293,11,1293,11,2,0.0,1.0,12.326655387878418,0.0,0.0,0.0
48,3720,4,3720,4,2,0.0,1.0,39.89392852783203,0.0,0.0,0.0
49,5266,31,5266,31,2,0.0,1.0,23.69279670715332,0.0,0.0,0.0
50,6620,17,6620,17,1,0.0,1.0,50.26261520385742,0.0,0.0,0.0
51,22577,30,22577,30,2,0.0,1.0,146.48666381835938,0.0,0.0,0.0
52,8059,7,8059,7,0,0.0,1.0,101.00402069091797,0.0,0.0,0.0
53,4987,44,4987,44,2,0.0,1.0,35.47788619995117,0.0,0.0,0.0
54,5049,89,5049,89,2,0.0,1.0,-7.902714729309082,0.0,0.0,0.0
55,3230,3748,3230,3748,2,0.0,1.0,-13.44487476348877,0.0,0.0,0.0
56,17025,18,17025,18,2,0.0,1.0,74.62178802490234,0.0,0.0,0.0
57,8979,903,8979,903,0,0.0,1.0,29.09148597717285,0.0,0.0,0.0
58,18318,3842,18318,3842,0,0.0,1.0,14.714930534362793,0.0,0.0,0.0
59,10492,41,10492,41,1,0.0,1.0,95.16588592529297,0.0,0.0,0.0
60,12620,309,12620,309,2,0.0,1.0,51.572017669677734,0.0,0.0,0.0
61,25421,68,25421,68,0,0.0,1.0,99.42037200927734,0.0,0.0,0.0
62,1914,1016,1914,1016,2,0.0,1.0,-6.918133735656738,0.0,0.0,0.0
63,22755,15,22755,15,2,0.0,1.0,104.73738861083984,0.0,0.0,0.0
64,8299,11,8299,11,2,0.0,1.0,73.6609115600586,0.0,0.0,0.0
65,4309,2669,4309,2669,2,0.0,1.0,-26.04396629333496,0.0,0.0,0.0
66,1991,18,1991,18,2,0.0,1.0,-9.883160591125488,0.0,0.0,0.0
67,3382,12,3382,12,0,0.0,1.0,31.96208381652832,0.0,0.0,0.0
68,8680,71,8680,71,1,0.0,1.0,34.50228500366211,0.0,0.0,0.0
69,8504,548,8504,548,0,0.0,1.0,32.32821273803711,0.0,0.0,0.0
70,8788,740,8788,740,0,0.0,1.0,31.3769474029541,0.0,0.0,0.0
71,20262,1092,20262,1092,0,0.0,1.0,74.1142807006836,0.0,0.0,0.0
72,20107,4259,20107,4259,0,0.0,1.0,14.915064811706543,0.0,0.0,0.0
73,71312,2098,71312,2098,2,0.0,1.0,274.1303405761719,0.0,0.0,0.0
74,3636,14,3636,14,2,0.0,1.0,-20.191404342651367,0.0,0.0,0.0
75,23885,55,23885,55,0,0.0,1.0,97.16280364990234,0.0,0.0,0.0
76,1134,67,1134,67,0,0.0,1.0,4.38754940032959,0.0,0.0,0.0
77,4317,128,4317,128,2,0.0,1.0,17.283029556274414,0.0,0.0,0.0
78,56,3,56,3,0,0.0,1.0,-9.956242561340332,0.0,0.0,0.0
79,909,307,909,307,0,0.0,1.0,-0.9312563538551331,0.0,0.0,0.0
80,5320,4929,5320,4929,2,0.0,1.0,-13.647725105285645,0.0,0.0,0.0
81,2212,10,2212,10,2,0.0,1.0,-15.615750312805176,0.0,0.0,0.0
82,24499,3,24499,3,0,0.0,1.0,94.85103607177734,0.0,0.0,0.0
83,16529,3,16529,3,2,0.0,1.0,106.37606048583984,0.0,0.0,0.0
84,32351,13,32351,13,1,0.0,1.0,168.59603881835938,0.0,0.0,0.0
85,1900,2150,1900,2150,2,0.0,1.0,-7.746800422668457,0.0,0.0,0.0
86,11545,1423,11545,1423,2,0.0,1.0,32.93459701538086,0.0,0.0,0.0
87,8354,2422,8354,2422,0,0.0,1.0,-4.106144905090332,0.0,0.0,0.0
88,6105,39,6105,39,2,0.0,1.0,26.756189346313477,0.0,0.0,0.0
89,4484,131,4484,131,2,0.0,1.0,19.45952796936035,0.0,0.0,0.0
90,764,298,764,298,0,0.0,1.0,-0.8356772065162659,0.0,0.0,0.0
91,263,24,263,24,0,0.0,1.0,-16.80781364440918,0.0,0.0,0.0
92,149,1,149,1,0,0.0,1.0,1.4296646118164062,0.0,0.0,0.0
93,11262,31,11262,31,2,0.0,1.0,55.491939544677734,0.0,0.0,0.0
94,13977,1757,13977,1757,0,0.0,1.0,39.81039047241211,0.0,0.0,0.0
95,1069,38,1069,38,2,0.0,1.0,5.407599449157715,0.0,0.0,0.0
96,3412,7,3412,7,2,0.0,1.0,-26.922517776489258,0.0,0.0,0.0
97,2350,1,2350,1,0,0.0,1.0,22.490129470825195,0.0,0.0,0.0
98,18685,25,18685,25,1,0.0,1.0,84.4007797241211,0.0,0.0,0.0
99,4444,1,4444,1,1,0.0,1.0,18.822534561157227,0.0,0.0,0.0
100,5992,2074,5992,2074,0,0.0,1.0,-7.2744035720825195,0.0,0.0,0.0
101,36470,13,36470,13,0,0.0,1.0,142.76278686523438,0.0,0.0,0.0
102,12282,17,12282,17,2,0.0,1.0,94.20015716552734,0.0,0.0,0.0
103,12753,386,12753,386,0,0.0,1.0,49.06179428100586,0.0,0.0,0.0
104,26189,3079,26189,3079,2,0.0,1.0,76.0549545288086,0.0,0.0,0.0
105,9604,14,9604,14,0,0.0,1.0,45.25429916381836,0.0,0.0,0.0
106,13265,9,13265,9,2,0.0,1.0,95.00469207763672,0.0,0.0,0.0
107,1083,32,1083,32,2,0.0,1.0,-8.533356666564941,0.0,0.0,0.0
108,2814,7215,2814,7215,2,0.0,1.0,-36.6107063293457,0.0,0.0,0.0
109,18376,3585,18376,3585,0,0.0,1.0,21.434717178344727,0.0,0.0,0.0
110,2042,98,2042,98,2,0.0,1.0,-9.61674976348877,0.0,0.0,0.0
111,26770,494,26770,494,0,0.0,1.0,104.98177337646484,0.0,0.0,0.0
112,35488,1989,35488,1989,0,0.0,1.0,131.87313842773438,0.0,0.0,0.0
113,2983,19,2983,19,0,0.0,1.0,12.909255027770996,0.0,0.0,0.0
114,16498,42,16498,42,1,0.0,1.0,115.3449935913086,0.0,0.0,0.0
115,9367,7,9367,7,0,0.0,1.0,107.5272445678711,0.0,0.0,0.0
116,8511,1224,8511,1224,0,0.0,1.0,20.1944522857666,0.0,0.0,0.0
117,2780,1,2780,1,0,0.0,1.0,27.17778968811035,0.0,0.0,0.0
118,11478,69,11478,69,2,0.0,1.0,70.10485076904297,0.0,0.0,0.0
119,1808,2,1808,2,0,0.0,1.0,18.555604934692383,0.0,0.0,0.0
120,16009,1614,16009,1614,2,0.0,1.0,52.12002182006836,0.0,0.0,0.0
121,4268,13,4268,13,1,0.0,1.0,30.680795669555664,0.0,0.0,0.0
122,1224,2,1224,2,0,0.0,1.0,13.857438087463379,0.0,0.0,0.0
123,35410,1512,35410,1512,0,0.0,1.0,133.61691284179688,0.0,0.0,0.0
124,17833,982,17833,982,2,0.0,1.0,65.53316497802734,0.0,0.0,0.0
125,681,162,681,162,2,0.0,1.0,0.4722566306591034,0.0,0.0,0.0
126,7813,3654,7813,3654,2,0.0,1.0,-6.637181282043457,0.0,0.0,0.0
127,5129,37,5129,37,2,0.0,1.0,55.69511795043945,0.0,0.0,0.0
128,8433,2302,8433,2302,2,0.0,1.0,-3.843663215637207,0.0,0.0,0.0
129,8425,5,8425,5,2,0.0,1.0,38.09395980834961,0.0,0.0,0.0
130,1817,45,1817,45,0,0.0,1.0,15.879311561584473,0.0,0.0,0.0
131,2823,2519,2823,2519,2,0.0,1.0,-6.297764778137207,0.0,0.0,0.0
132,4079,10,4079,10,0,0.0,1.0,28.61729621887207,0.0,0.0,0.0
133,932,119,932,119,0,0.0,1.0,3.031426429748535,0.0,0.0,0.0
134,5926,11,5926,11,0,0.0,1.0,54.979549407958984,0.0,0.0,0.0
135,2611,3896,2611,3896,2,0.0,1.0,-18.76369285583496,0.0,0.0,0.0
136,29871,18,29871,18,2,0.0,1.0,150.05453491210938,0.0,0.0,0.0
137,5274,1,5274,1,0,0.0,1.0,55.8057975769043,0.0,0.0,0.0
138,1775,8,1775,8,2,0.0,1.0,-5.48354434967041,0.0,0.0,0.0
139,17112,66,17112,66,1,0.0,1.0,137.57662963867188,0.0,0.0,0.0
140,8059,1124,8059,1124,0,0.0,1.0,20.3994083404541,0.0,0.0,0.0
141,27736,385,27736,385,1,0.0,1.0,108.9077377319336,0.0,0.0,0.0
142,1610,954,1610,954,2,0.0,1.0,-10.407502174377441,0.0,0.0,0.0
143,1023,1,1023,1,2,0.0,1.0,-9.273011207580566,0.0,0.0,0.0
144,6077,526,6077,526,0,0.0,1.0,22.272409439086914,0.0,0.0,0.0
145,1486,70,1486,70,2,0.0,1.0,13.20337200164795,0.0,0.0,0.0
146,32259,1160,32259,1160,0,0.0,1.0,121.78890228271484,0.0,0.0,0.0
147,1678,192,1678,192,0,0.0,1.0,5.1054792404174805,0.0,0.0,0.0
148,5193,837,5193,837,2,0.0,1.0,10.145792961120605,0.0,0.0,0.0
149,6692,77,6692,77,2,0.0,1.0,32.75106430053711,0.0,0.0,0.0
150,12119,1008,12119,1008,2,0.0,1.0,42.82143783569336,0.0,0.0,0.0
151,1957,46,1957,46,2,0.0,1.0,8.448466300964355,0.0,0.0,0.0
152,320,24,320,24,2,0.0,1.0,-0.8777886033058167,0.0,0.0,0.0
153,1067,2,1067,2,0,0.0,1.0,4.76857852935791,0.0,0.0,0.0
154,11051,491,11051,491,0,0.0,1.0,41.96767807006836,0.0,0.0,0.0
155,15781,3377,15781,3377,2,0.0,1.0,10.979884147644043,0.0,0.0,0.0
156,16708,1451,16708,1451,0,0.0,1.0,57.54995346069336,0.0,0.0,0.0
157,4724,2353,4724,2353,2,0.0,1.0,-10.345707893371582,0.0,0.0,0.0
158,2517,10,2517,10,2,0.0,1.0,30.845361709594727,0.0,0.0,0.0
159,5366,709,5366,709,1,0.0,1.0,14.06312084197998,0.0,0.0,0.0
160,11,2266,11,2266,2,0.0,1.0,3.3603620529174805,0.0,0.0,0.0
161,3463,1628,3463,1628,2,0.0,1.0,-3.275692939758301,0.0,0.0,0.0
162,27714,1194,27714,1194,0,0.0,1.0,103.75337982177734,0.0,0.0,0.0
163,22719,18,22719,18,0,0.0,1.0,96.1129379272461,0.0,0.0,0.0
164,1643,919,1643,919,2,0.0,1.0,-8.65575122833252,0.0,0.0,0.0
165,27151,1280,27151,1280,0,0.0,1.0,100.3330307006836,0.0,0.0,0.0
166,3089,3,3089,3,2,0.0,1.0,15.4834623336792,0.0,0.0,0.0
167,5151,1137,5151,1137,0,0.0,1.0,3.542750358581543,0.0,0.0,0.0
168,816,733,816,733,2,0.0,1.0,-2.0928144454956055,0.0,0.0,0.0
169,33925,1378,33925,1378,0,0.0,1.0,127.70772552490234,0.0,0.0,0.0
170,238,39,238,39,2,0.0,1.0,-7.583791732788086,0.0,0.0,0.0
171,22052,1436,22052,1436,2,0.0,1.0,80.55904388427734,0.0,0.0,0.0
172,26661,2466,26661,2466,2,0.0,1.0,90.8193588256836,0.0,0.0,0.0
173,14375,15,14375,15,2,0.0,1.0,66.71077728271484,0.0,0.0,0.0
174,988,14,988,14,0,0.0,1.0,2.8431882858276367,0.0,0.0,0.0
175,1409,37,1409,37,2,0.0,1.0,6.403933525085449,0.0,0.0,0.0
176,651,7,651,7,2,0.0,1.0,-13.035222053527832,0.0,0.0,0.0
177,5952,7,5952,7,2,0.0,1.0,56.4989128112793,0.0,0.0,0.0
178,2594,13,2594,13,2,0.0,1.0,13.16296672821045,0.0,0.0,0.0
179,15768,1674,15768,1674,2,0.0,1.0,49.39339828491211,0.0,0.0,0.0
180,27278,3428,27278,3428,1,0.0,1.0,74.4603500366211,0.0,0.0,0.0
181,271,24,271,24,2,0.0,1.0,0.26726529002189636,0.0,0.0,0.0
182,1165,19,1165,19,2,0.0,1.0,-21.991437911987305,0.0,0.0,0.0
183,375,1430,375,1430,2,0.0,1.0,-3.0666933059692383,0.0,0.0,0.0
184,5830,3026,5830,3026,2,0.0,1.0,-18.5067195892334,0.0,0.0,0.0
185,3843,38,3843,38,2,0.0,1.0,11.003397941589355,0.0,0.0,0.0
186,3777,29,3777,29,0,0.0,1.0,-34.4365234375,0.0,0.0,0.0
187,1366,3479,1366,3479,2,0.0,1.0,-18.755430221557617,0.0,0.0,0.0
188,20686,3354,20686,3354,0,0.0,1.0,39.95681381225586,0.0,0.0,0.0
189,12968,5944,12968,5944,2,0.0,1.0,-11.961674690246582,0.0,0.0,0.0
190,17211,1435,17211,1435,0,0.0,1.0,65.7900619506836,0.0,0.0,0.0
191,3681,52,3681,52,2,0.0,1.0,23.99320411682129,0.0,0.0,0.0
192,15463,37,15463,37,0,0.0,1.0,97.38375091552734,0.0,0.0,0.0
193,2469,1801,2469,1801,2,0.0,1.0,-7.886754035949707,0.0,0.0,0.0
194,6059,438,6059,438,0,0.0,1.0,22.730905532836914,0.0,0.0,0.0
195,264,7,264,7,0,0.0,1.0,-2.2484660148620605,0.0,0.0,0.0
196,510,63,510,63,2,0.0,1.0,2.2965641021728516,0.0,0.0,0.0
197,7046,2809,7046,2809,0,0.0,1.0,-8.37450122833252,0.0,0.0,0.0
198,20351,1409,20351,1409,0,0.0,1.0,72.3624496459961,0.0,0.0,0.0
199,973,839,973,839,2,0.0,1.0,-1.9359350204467773,0.0,0.0,0.0
200,13113,2198,13113,2198,0,0.0,1.0,24.004419326782227,0.0,0.0,0.0
201,308,31,308,31,2,0.0,1.0,0.6129946112632751,0.0,0.0,0.0
202,18989,1,18989,1,1,0.0,1.0,99.44161224365234,0.0,0.0,0.0
203,968,1,968,1,2,0.0,1.0,-13.429287910461426,0.0,0.0,0.0
204,3345,7,3345,7,2,0.0,1.0,39.64573287963867,0.0,0.0,0.0
205,2269,212,2269,212,2,0.0,1.0,8.243685722351074,0.0,0.0,0.0
206,2541,985,2541,985,0,0.0,1.0,-3.3198671340942383,0.0,0.0,0.0
207,17928,492,17928,492,2,0.0,1.0,70.4511947631836,0.0,0.0,0.0
208,14472,16,14472,16,1,0.0,1.0,82.1654281616211,0.0,0.0,0.0
209,930,226,930,226,0,0.0,1.0,0.20217415690422058,0.0,0.0,0.0
210,7395,1142,7395,1142,0,0.0,1.0,15.713923454284668,0.0,0.0,0.0
211,32261,1622,32261,1622,2,0.0,1.0,118.91512298583984,0.0,0.0,0.0
212,6931,1036,6931,1036,2,0.0,1.0,15.574946403503418,0.0,0.0,0.0
213,1296,13,1296,13,2,0.0,1.0,3.824294090270996,0.0,0.0,0.0
214,17685,759,17685,759,0,0.0,1.0,67.76021575927734,0.0,0.0,0.0
215,4842,830,4842,830,0,0.0,1.0,8.71961498260498,0.0,0.0,0.0
216,13787,417,13787,417,1,0.0,1.0,52.551631927490234,0.0,0.0,0.0
217,298,36,298,36,0,0.0,1.0,-26.849821090698242,0.0,0.0,0.0
218,3820,179,3820,179,2,0.0,1.0,14.696375846862793,0.0,0.0,0.0
219,8544,1237,8544,1237,0,0.0,1.0,20.37676429748535,0.0,0.0,0.0
220,3279,26,3279,26,2,0.0,1.0,18.877473831176758,0.0,0.0,0.0
221,81,866,81,866,2,0.0,1.0,0.1505727469921112,0.0,0.0,0.0
222,548,15,548,15,0,0.0,1.0,-65.1865463256836,0.0,0.0,0.0
223,768,957,768,957,2,0.0,1.0,-5.051514625549316,0.0,0.0,0.0
224,5294,573,5294,573,2,0.0,1.0,17.145105361938477,0.0,0.0,0.0
225,1501,6,1501,6,2,0.0,1.0,18.065032958984375,0.0,0.0,0.0
226,25438,883,25438,883,2,0.0,1.0,97.1444320678711,0.0,0.0,0.0
227,1936,576,1936,576,0,0.0,1.0,-0.5494547486305237,0.0,0.0,0.0
228,7448,4,7448,4,2,0.0,1.0,29.917749404907227,0.0,0.0,0.0
229,9426,19,9426,19,2,0.0,1.0,73.24498748779297,0.0,0.0,0.0
230,1884,29,1884,29,2,0.0,1.0,-4.901848793029785,0.0,0.0,0.0
231,1972,1099,1972,1099,2,0.0,1.0,-9.293137550354004,0.0,0.0,0.0
232,694,61,694,61,2,0.0,1.0,2.8617849349975586,0.0,0.0,0.0
233,1614,5,1614,5,0,0.0,1.0,6.121916770935059,0.0,0.0,0.0
234,6652,1,6652,1,0,0.0,1.0,66.43303680419922,0.0,0.0,0.0
235,7916,2505,7916,2505,0,0.0,1.0,-5.8646135330200195,0.0,0.0,0.0
236,17434,246,17434,246,2,0.0,1.0,69.09310150146484,0.0,0.0,0.0
237,13211,1594,13211,1594,0,0.0,1.0,37.64358139038086,0.0,0.0,0.0
238,5555,2528,5555,2528,2,0.0,1.0,-5.0198564529418945,0.0,0.0,0.0
239,129133,975,129133,975,2,0.0,1.0,513.5851440429688,0.0,0.0,0.0
240,2040,6,2040,6,2,0.0,1.0,16.930112838745117,0.0,0.0,0.0
241,446,15,446,15,0,0.0,1.0,3.7110719680786133,0.0,0.0,0.0
242,8255,4907,8255,4907,2,0.0,1.0,-48.25168228149414,0.0,0.0,0.0
243,15333,1300,15333,1300,0,0.0,1.0,53.49721908569336,0.0,0.0,0.0
244,30159,21,30159,21,0,0.0,1.0,118.91390228271484,0.0,0.0,0.0
245,7882,251,7882,251,2,0.0,1.0,29.99956703186035,0.0,0.0,0.0
246,29437,528,29437,528,2,0.0,1.0,115.18160247802734,0.0,0.0,0.0
247,315,728,315,728,2,0.0,1.0,-4.32955265045166,0.0,0.0,0.0
248,7979,254,7979,254,1,0.0,1.0,31.38555335998535,0.0,0.0,0.0
249,17107,2688,17107,2688,0,0.0,1.0,34.85714340209961,0.0,0.0,0.0
250,40224,6181,40224,6181,0,0.0,1.0,86.40120697021484,0.0,0.0,0.0
251,5379,396,5379,396,0,0.0,1.0,19.86673927307129,0.0,0.0,0.0
252,3472,1344,3472,1344,0,0.0,1.0,-3.726864814758301,0.0,0.0,0.0
253,6701,449,6701,449,0,0.0,1.0,25.551462173461914,0.0,0.0,0.0
254,9246,844,9246,844,0,0.0,1.0,31.6209659576416,0.0,0.0,0.0
255,16970,832,16970,832,0,0.0,1.0,63.66695785522461,0.0,0.0,0.0
256,26139,5,26139,5,2,0.0,1.0,185.11032104492188,0.0,0.0,0.0
257,22936,317,22936,317,0,0.0,1.0,90.14791107177734,0.0,0.0,0.0
258,1513,3654,1513,3654,2,0.0,1.0,-20.13569450378418,0.0,0.0,0.0
259,1154,661,1154,661,2,0.0,1.0,-7.276246070861816,0.0,0.0,0.0
260,4695,317,4695,317,0,0.0,1.0,17.5196475982666,0.0,0.0,0.0
261,17167,11,17167,11,2,0.0,1.0,95.56282806396484,0.0,0.0,0.0
262,8329,956,8329,956,0,0.0,1.0,24.7300968170166,0.0,0.0,0.0
263,34383,4,34383,4,1,0.0,1.0,145.99996948242188,0.0,0.0,0.0
264,6890,74,6890,74,0,0.0,1.0,77.15593719482422,0.0,0.0,0.0
265,7533,23,7533,23,0,0.0,1.0,64.78269958496094,0.0,0.0,0.0
266,24687,3015,24687,3015,2,0.0,1.0,69.5230941772461,0.0,0.0,0.0
267,5474,525,5474,525,2,0.0,1.0,19.193811416625977,0.0,0.0,0.0
268,11154,7179,11154,7179,2,0.0,1.0,-67.27124786376953,0.0,0.0,0.0
269,84914,59,84914,59,0,0.0,1.0,347.7958679199219,0.0,0.0,0.0
270,4943,1077,4943,1077,0,0.0,1.0,2.9827375411987305,0.0,0.0,0.0
271,3496,12,3496,12,2,0.0,1.0,21.98423957824707,0.0,0.0,0.0
272,15092,69,15092,69,0,0.0,1.0,61.31490707397461,0.0,0.0,0.0
273,14640,10,14640,10,1,0.0,1.0,100.8824691772461,0.0,0.0,0.0
274,1438,7,1438,7,0,0.0,1.0,12.755187034606934,0.0,0.0,0.0
275,1292,1904,1292,1904,2,0.0,1.0,-9.12651538848877,0.0,0.0,0.0
276,5325,44,5325,44,2,0.0,1.0,36.48875045776367,0.0,0.0,0.0
277,234,73,234,73,2,0.0,1.0,-1.734874963760376,0.0,0.0,0.0
278,1421,25,1421,25,2,0.0,1.0,-79.0101547241211,0.0,0.0,0.0
279,3435,39,3435,39,0,0.0,1.0,-31.89997100830078,0.0,0.0,0.0
280,6848,13,6848,13,0,0.0,1.0,57.037784576416016,0.0,0.0,0.0
281,3784,413,3784,413,2,0.0,1.0,12.577982902526855,0.0,0.0,0.0
282,6259,416,6259,416,0,0.0,1.0,22.47928810119629,0.0,0.0,0.0
283,5994,176,5994,176,2,0.0,1.0,23.045541763305664,0.0,0.0,0.0
284,463,16,463,16,2,0.0,1.0,-2.4930639266967773,0.0,0.0,0.0
285,4292,50,4292,50,2,0.0,1.0,-11.896702766418457,0.0,0.0,0.0
286,3630,348,3630,348,2,0.0,1.0,13.137721061706543,0.0,0.0,0.0
287,1426,13,1426,13,2,0.0,1.0,2.0854978561401367,0.0,0.0,0.0
288,4548,19,4548,19,2,0.0,1.0,20.444360733032227,0.0,0.0,0.0
289,8946,726,8946,726,0,0.0,1.0,31.65069007873535,0.0,0.0,0.0
290,675,39,675,39,0,0.0,1.0,-45.081302642822266,0.0,0.0,0.0
291,267,4,267,4,2,0.0,1.0,-16.132413864135742,0.0,0.0,0.0
292,11576,310,11576,310,2,0.0,1.0,44.62746810913086,0.0,0.0,0.0
293,5246,7,5246,7,0,0.0,1.0,-46.567203521728516,0.0,0.0,0.0
294,9165,821,9165,821,0,0.0,1.0,32.426082611083984,0.0,0.0,0.0
295,6493,1864,6493,1864,0,0.0,1.0,-2.7169694900512695,0.0,0.0,0.0
296,2258,115,2258,115,0,0.0,1.0,-20.892812728881836,0.0,0.0,0.0
297,42561,29,42561,29,1,0.0,1.0,213.33236694335938,0.0,0.0,0.0
298,3120,1152,3120,1152,0,0.0,1.0,-3.6784563064575195,0.0,0.0,0.0
299,60825,16,60825,16,0,0.0,1.0,244.88473510742188,0.0,0.0,0.0
300,2960,4,2960,4,0,0.0,1.0,-13.671757698059082,0.0,0.0,0.0
301,46036,6945,46036,6945,0,0.0,1.0,100.69857025146484,0.0,0.0,0.0
302,1305,46,1305,46,0,0.0,1.0,13.372736930847168,0.0,0.0,0.0
303,1296,27,1296,27,0,0.0,1.0,14.66039752960205,0.0,0.0,0.0
304,3025,38,3025,38,2,0.0,1.0,15.223101615905762,0.0,0.0,0.0
305,6400,24,6400,24,2,0.0,1.0,42.71206283569336,0.0,0.0,0.0
306,11498,1,11498,1,2,0.0,1.0,146.0674591064453,0.0,0.0,0.0
307,16388,4,16388,4,2,0.0,1.0,93.75032806396484,0.0,0.0,0.0
308,12916,196,12916,196,1,0.0,1.0,51.304378509521484,0.0,0.0,0.0
309,62626,17,62626,17,0,0.0,1.0,253.67257690429688,0.0,0.0,0.0
310,12215,2185,12215,2185,0,0.0,1.0,18.493249893188477,0.0,0.0,0.0
311,2080,6589,2080,6589,2,0.0,1.0,-22.286474227905273,0.0,0.0,0.0
312,10554,553,10554,553,0,0.0,1.0,39.499568939208984,0.0,0.0,0.0
313,2335,1356,2335,1356,2,0.0,1.0,-12.83910083770752,0.0,0.0,0.0
314,1470,91,1470,91,2,0.0,1.0,8.889079093933105,0.0,0.0,0.0
315,4384,425,4384,425,2,0.0,1.0,14.708598136901855,0.0,0.0,0.0
316,11042,632,11042,632,0,0.0,1.0,41.242183685302734,0.0,0.0,0.0
317,4546,3,4546,3,1,0.0,1.0,23.92429542541504,0.0,0.0,0.0
318,6068,1,6068,1,0,0.0,1.0,23.7836856842041,0.0,0.0,0.0
319,16481,2853,16481,2853,0,0.0,1.0,27.183374404907227,0.0,0.0,0.0
320,4818,21,4818,21,2,0.0,1.0,21.071435928344727,0.0,0.0,0.0
321,1747,4,1747,4,0,0.0,1.0,16.914981842041016,0.0,0.0,0.0
322,1552,9,1552,9,0,0.0,1.0,-14.499320030212402,0.0,0.0,0.0
323,4642,573,4642,573,0,0.0,1.0,13.202479362487793,0.0,0.0,0.0
324,13324,1040,13324,1040,0,0.0,1.0,48.26217269897461,0.0,0.0,0.0
325,3060,178,3060,178,0,0.0,1.0,11.57898998260498,0.0,0.0,0.0
326,8739,1724,8739,1724,0,0.0,1.0,9.318598747253418,0.0,0.0,0.0
327,1718,3408,1718,3408,2,0.0,1.0,-17.49886131286621,0.0,0.0,0.0
328,19597,1947,19597,1947,1,0.0,1.0,63.94625473022461,0.0,0.0,0.0
329,1414,80,1414,80,2,0.0,1.0,8.492934226989746,0.0,0.0,0.0
330,3041,15,3041,15,2,0.0,1.0,-20.650800704956055,0.0,0.0,0.0
331,1742,2953,1742,2953,2,0.0,1.0,-14.73570728302002,0.0,0.0,0.0
332,7053,921,7053,921,0,0.0,1.0,18.919031143188477,0.0,0.0,0.0
333,1516,40,1516,40,2,0.0,1.0,13.951300621032715,0.0,0.0,0.0
334,5252,7,5252,7,1,0.0,1.0,29.153512954711914,0.0,0.0,0.0
335,2998,1039,2998,1039,0,0.0,1.0,-3.2809877395629883,0.0,0.0,0.0
336,12918,4488,12918,4488,0,0.0,1.0,-9.407170295715332,0.0,0.0,0.0
337,9873,6,9873,6,0,0.0,1.0,41.12789535522461,0.0,0.0,0.0
338,1575,1541,1575,1541,2,0.0,1.0,-5.196038246154785,0.0,0.0,0.0
339,1838,42,1838,42,0,0.0,1.0,11.510127067565918,0.0,0.0,0.0
340,4807,18,4807,18,2,0.0,1.0,26.518152236938477,0.0,0.0,0.0
341,4853,12,4853,12,0,0.0,1.0,34.28316879272461,0.0,0.0,0.0
342,1692,13,1692,13,2,0.0,1.0,13.410998344421387,0.0,0.0,0.0
343,11950,820,11950,820,0,0.0,1.0,43.135066986083984,0.0,0.0,0.0
344,819,424,819,424,2,0.0,1.0,-2.508547782897949,0.0,0.0,0.0
345,3274,1,3274,1,0,0.0,1.0,28.993967056274414,0.0,0.0,0.0
346,4022,11,4022,11,0,0.0,1.0,36.28702163696289,0.0,0.0,0.0
347,347,23,347,23,2,0.0,1.0,-2.0262088775634766,0.0,0.0,0.0
348,6742,1221,6742,1221,2,0.0,1.0,10.372920036315918,0.0,0.0,0.0
349,6627,1831,6627,1831,2,0.0,1.0,-3.002293586730957,0.0,0.0,0.0
350,8640,44,8640,44,2,0.0,1.0,36.86050033569336,0.0,0.0,0.0
351,3016,1634,3016,1634,2,0.0,1.0,-11.571866035461426,0.0,0.0,0.0
352,6464,8636,6464,8636,2,0.0,1.0,-32.778385162353516,0.0,0.0,0.0
353,2999,769,2999,769,0,0.0,1.0,-0.8309755921363831,0.0,0.0,0.0
354,396,58,396,58,2,0.0,1.0,-4.45147705078125,0.0,0.0,0.0
355,19917,1253,19917,1253,0,0.0,1.0,72.27681732177734,0.0,0.0,0.0
356,534,2861,534,2861,2,0.0,1.0,-0.5583544373512268,0.0,0.0,0.0
357,219,255,219,255,2,0.0,1.0,-0.9891481995582581,0.0,0.0,0.0
358,19273,895,19273,895,0,0.0,1.0,71.3602523803711,0.0,0.0,0.0
359,36822,250,36822,250,0,0.0,1.0,148.38327026367188,0.0,0.0,0.0
360,11229,1907,11229,1907,0,0.0,1.0,20.243005752563477,0.0,0.0,0.0
361,21599,205,21599,205,1,0.0,1.0,85.62032318115234,0.0,0.0,0.0
362,8770,26,8770,26,2,0.0,1.0,42.094966888427734,0.0,0.0,0.0
363,3637,9,3637,9,0,0.0,1.0,-30.333433151245117,0.0,0.0,0.0
364,250,32,250,32,0,0.0,1.0,-21.142515182495117,0.0,0.0,0.0
365,1875,1147,1875,1147,2,0.0,1.0,-11.773911476135254,0.0,0.0,0.0
366,1915,23,1915,23,0,0.0,1.0,14.318581581115723,0.0,0.0,0.0
367,482,12,482,12,0,0.0,1.0,-62.7089729309082,0.0,0.0,0.0
368,1535,7,1535,7,2,0.0,1.0,-10.121505737304688,0.0,0.0,0.0
369,14819,3028,14819,3028,0,0.0,1.0,13.375422477722168,0.0,0.0,0.0
370,13648,225,13648,225,1,0.0,1.0,53.62447738647461,0.0,0.0,0.0
371,1502,7,1502,7,2,0.0,1.0,7.8571271896362305,0.0,0.0,0.0
372,7064,26,7064,26,2,0.0,1.0,-21.57289695739746,0.0,0.0,0.0
373,614,18,614,18,2,0.0,1.0,-1.4866628646850586,0.0,0.0,0.0
374,7360,134,7360,134,1,0.0,1.0,28.78936195373535,0.0,0.0,0.0
375,3763,883,3763,883,0,0.0,1.0,0.8118924498558044,0.0,0.0,0.0
376,4710,15,4710,15,2,0.0,1.0,23.224451065063477,0.0,0.0,0.0
377,2818,1013,2818,1013,0,0.0,1.0,-3.406102180480957,0.0,0.0,0.0
378,4910,20,4910,20,0,0.0,1.0,54.976924896240234,0.0,0.0,0.0
379,3126,4,3126,4,2,0.0,1.0,16.674386978149414,0.0,0.0,0.0
380,4086,51,4086,51,1,0.0,1.0,18.19065284729004,0.0,0.0,0.0
381,7534,6,7534,6,0,0.0,1.0,50.03287124633789,0.0,0.0,0.0
382,1225,1250,1225,1250,2,0.0,1.0,-6.247353553771973,0.0,0.0,0.0
383,2172,14,2172,14,0,0.0,1.0,22.30953025817871,0.0,0.0,0.0
384,413,6,413,6,2,0.0,1.0,-17.0870361328125,0.0,0.0,0.0
385,8566,481,8566,481,0,0.0,1.0,31.544214248657227,0.0,0.0,0.0
386,23982,558,23982,558,2,0.0,1.0,93.0334701538086,0.0,0.0,0.0
387,7678,1,7678,1,2,0.0,1.0,54.95731735229492,0.0,0.0,0.0
388,5466,896,5466,896,0,0.0,1.0,10.88160228729248,0.0,0.0,0.0
389,10255,2805,10255,2805,0,0.0,1.0,-4.843022346496582,0.0,0.0,0.0
390,8555,26,8555,26,2,0.0,1.0,35.665096282958984,0.0,0.0,0.0
391,2095,1382,2095,1382,2,0.0,1.0,-11.932103157043457,0.0,0.0,0.0
392,25060,450,25060,450,0,0.0,1.0,97.7215805053711,0.0,0.0,0.0
393,8533,176,8533,176,1,0.0,1.0,34.792781829833984,0.0,0.0,0.0
394,8955,508,8955,508,0,0.0,1.0,33.78841781616211,0.0,0.0,0.0
395,900,26,900,26,2,0.0,1.0,-41.95375442504883,0.0,0.0,0.0
396,5212,365,5212,365,0,0.0,1.0,18.712976455688477,0.0,0.0,0.0
397,3551,2,3551,2,0,0.0,1.0,42.33611297607422,0.0,0.0,0.0
398,1284,2,1284,2,2,0.0,1.0,12.327609062194824,0.0,0.0,0.0
399,20403,14,20403,14,1,0.0,1.0,96.92989349365234,0.0,0.0,0.0
400,5301,33,5301,33,0,0.0,1.0,58.83578109741211,0.0,0.0,0.0
401,121,860,121,860,2,0.0,1.0,0.8982381224632263,0.0,0.0,0.0
402,9190,7,9190,7,2,0.0,1.0,107.41876983642578,0.0,0.0,0.0
403,3192,58,3192,58,2,0.0,1.0,14.349459648132324,0.0,0.0,0.0
404,7877,20,7877,20,2,0.0,1.0,41.34218978881836,0.0,0.0,0.0
405,2196,28,2196,28,0,0.0,1.0,22.482412338256836,0.0,0.0,0.0
406,111,40,111,40,2,0.0,1.0,-9.991765022277832,0.0,0.0,0.0
407,711,5,711,5,2,0.0,1.0,-2.449051856994629,0.0,0.0,0.0
408,2745,1,2745,1,0,0.0,1.0,10.456721305847168,0.0,0.0,0.0
409,2990,343,2990,343,2,0.0,1.0,9.6925687789917,0.0,0.0,0.0
410,56766,2048,56766,2048,1,0.0,1.0,220.77413940429688,0.0,0.0,0.0
411,2714,4,2714,4,0,0.0,1.0,27.05417823791504,0.0,0.0,0.0
412,6313,7,6313,7,0,0.0,1.0,57.45139694213867,0.0,0.0,0.0
413,2546,2,2546,2,2,0.0,1.0,13.559229850769043,0.0,0.0,0.0
414,260,2,260,2,2,0.0,1.0,0.9723243117332458,0.0,0.0,0.0
415,18428,2455,18428,2455,1,0.0,1.0,48.99917221069336,0.0,0.0,0.0
416,7639,3018,7639,3018,0,0.0,1.0,-9.954915046691895,0.0,0.0,0.0
417,209,29,209,29,2,0.0,1.0,-28.380475997924805,0.0,0.0,0.0
418,1431,6,1431,6,2,0.0,1.0,13.366320610046387,0.0,0.0,0.0
419,4522,1266,4522,1266,0,0.0,1.0,-2.1655168533325195,0.0,0.0,0.0
420,1586,14,1586,14,2,0.0,1.0,7.921313285827637,0.0,0.0,0.0
421,10868,380,10868,380,2,0.0,1.0,41.050777435302734,0.0,0.0,0.0
422,3659,40,3659,40,2,0.0,1.0,33.762569427490234,0.0,0.0,0.0
423,4033,3,4033,3,0,0.0,1.0,20.1739444732666,0.0,0.0,0.0
424,6418,1,6418,1,0,0.0,1.0,72.52300262451172,0.0,0.0,0.0
425,1303,2099,1303,2099,2,0.0,1.0,-10.425480842590332,0.0,0.0,0.0
426,3542,9,3542,9,0,0.0,1.0,35.16605758666992,0.0,0.0,0.0
427,15624,3997,15624,3997,2,0.0,1.0,-5.618931770324707,0.0,0.0,0.0
428,5078,78,5078,78,1,0.0,1.0,21.06353187561035,0.0,0.0,0.0
429,7253,346,7253,346,2,0.0,1.0,28.931970596313477,0.0,0.0,0.0
430,6530,958,6530,958,0,0.0,1.0,15.391215324401855,0.0,0.0,0.0
431,12716,1186,12716,1186,1,0.0,1.0,43.09188461303711,0.0,0.0,0.0
432,8762,7,8762,7,1,0.0,1.0,58.609310150146484,0.0,0.0,0.0
433,2329,4,2329,4,0,0.0,1.0,26.345613479614258,0.0,0.0,0.0
434,13145,10,13145,10,2,0.0,1.0,55.690914154052734,0.0,0.0,0.0
435,110,2375,110,2375,2,0.0,1.0,4.612421989440918,0.0,0.0,0.0
436,47397,3533,47397,3533,0,0.0,1.0,175.42367553710938,0.0,0.0,0.0
437,998,2159,998,2159,2,0.0,1.0,-12.00938892364502,0.0,0.0,0.0
438,267,5,267,5,2,0.0,1.0,2.7149267196655273,0.0,0.0,0.0
439,14832,3,14832,3,0,0.0,1.0,129.626708984375,0.0,0.0,0.0
440,2080,176,2080,176,0,0.0,1.0,7.440951347351074,0.0,0.0,0.0
441,2820,11,2820,11,0,0.0,1.0,33.177398681640625,0.0,0.0,0.0
442,1446,42,1446,42,2,0.0,1.0,5.975611686706543,0.0,0.0,0.0
443,6057,12,6057,12,0,0.0,1.0,24.549585342407227,0.0,0.0,0.0
444,20864,1321,20864,1321,0,0.0,1.0,75.92293548583984,0.0,0.0,0.0
445,25017,1,25017,1,0,0.0,1.0,113.7874984741211,0.0,0.0,0.0
446,17197,15,17197,15,1,0.0,1.0,82.39522552490234,0.0,0.0,0.0
447,4548,400,4548,400,2,0.0,1.0,17.453012466430664,0.0,0.0,0.0
448,66502,2478,66502,2478,2,0.0,1.0,259.3534851074219,0.0,0.0,0.0
449,2029,34,2029,34,0,0.0,1.0,-18.7710018157959,0.0,0.0,0.0
450,2742,31,2742,31,0,0.0,1.0,29.24729347229004,0.0,0.0,0.0
451,2998,31,2998,31,2,0.0,1.0,15.102221488952637,0.0,0.0,0.0
452,10344,90,10344,90,2,0.0,1.0,52.28542709350586,0.0,0.0,0.0
453,7304,6071,7304,6071,2,0.0,1.0,-9.785099983215332,0.0,0.0,0.0
454,1049,3,1049,3,2,0.0,1.0,-47.498783111572266,0.0,0.0,0.0
455,5348,58,5348,58,0,0.0,1.0,59.654048919677734,0.0,0.0,0.0
456,7401,917,7401,917,0,0.0,1.0,20.57073402404785,0.0,0.0,0.0
457,470,29,470,29,0,0.0,1.0,-43.05741500854492,0.0,0.0,0.0
458,11223,780,11223,780,0,0.0,1.0,40.397884368896484,0.0,0.0,0.0
459,15,53,15,53,2,0.0,1.0,-55.30093765258789,0.0,0.0,0.0
460,334,793,334,793,2,0.0,1.0,-4.927264213562012,0.0,0.0,0.0
461,480,10,480,10,2,0.0,1.0,-17.9899845123291,0.0,0.0,0.0
462,1321,6057,1321,6057,2,0.0,1.0,-5.0076189041137695,0.0,0.0,0.0
463,6018,1,6018,1,0,0.0,1.0,64.9076156616211,0.0,0.0,0.0
464,548,30,548,30,2,0.0,1.0,-13.48159122467041,0.0,0.0,0.0
465,2725,237,2725,237,2,0.0,1.0,10.886157035827637,0.0,0.0,0.0
466,1521,25,1521,25,0,0.0,1.0,17.529626846313477,0.0,0.0,0.0
467,7080,312,7080,312,0,0.0,1.0,27.133432388305664,0.0,0.0,0.0
468,9785,4263,9785,4263,2,0.0,1.0,-10.435948371887207,0.0,0.0,0.0
469,448,1,448,1,0,0.0,1.0,4.544809341430664,0.0,0.0,0.0
470,1187,349,1187,349,2,0.0,1.0,-9.17907428741455,0.0,0.0,0.0
471,5039,2734,5039,2734,2,0.0,1.0,-20.00911521911621,0.0,0.0,0.0
472,33526,300,33526,300,2,0.0,1.0,136.01974487304688,0.0,0.0,0.0
473,4018,37,4018,37,2,0.0,1.0,27.08159828186035,0.0,0.0,0.0
474,22625,562,22625,562,1,0.0,1.0,88.6228256225586,0.0,0.0,0.0
475,11795,12,11795,12,0,0.0,1.0,47.88967514038086,0.0,0.0,0.0
476,1280,58,1280,58,2,0.0,1.0,-33.06083297729492,0.0,0.0,0.0
477,7727,12,7727,12,0,0.0,1.0,66.55818939208984,0.0,0.0,0.0
478,32859,7331,32859,7331,0,0.0,1.0,15.997035026550293,0.0,0.0,0.0
479,3731,399,3731,399,0,0.0,1.0,11.704630851745605,0.0,0.0,0.0
480,2693,4974,2693,4974,2,0.0,1.0,-25.38153648376465,0.0,0.0,0.0
481,2931,1,2931,1,1,0.0,1.0,15.816035270690918,0.0,0.0,0.0
482,3177,3797,3177,3797,2,0.0,1.0,-13.766743659973145,0.0,0.0,0.0
483,6439,20,6439,20,2,0.0,1.0,26.745935440063477,0.0,0.0,0.0
484,1532,425,1532,425,0,0.0,1.0,0.49204155802726746,0.0,0.0,0.0
485,14859,1952,14859,1952,0,0.0,1.0,38.91988754272461,0.0,0.0,0.0
486,6090,4915,6090,4915,2,0.0,1.0,-5.424443244934082,0.0,0.0,0.0
487,8948,543,8948,543,2,0.0,1.0,48.36214828491211,0.0,0.0,0.0
488,364,244,364,244,2,0.0,1.0,-1.874685287475586,0.0,0.0,0.0
489,4023,7,4023,7,0,0.0,1.0,37.705806732177734,0.0,0.0,0.0
490,5518,3501,5518,3501,2,0.0,1.0,-32.238895416259766,0.0,0.0,0.0
491,15193,465,15193,465,2,0.0,1.0,57.95443344116211,0.0,0.0,0.0
492,8127,18,8127,18,1,0.0,1.0,46.62411117553711,0.0,0.0,0.0
493,3222,9,3222,9,0,0.0,1.0,-27.284086227416992,0.0,0.0,0.0
494,4777,8,4777,8,2,0.0,1.0,-39.706382751464844,0.0,0.0,0.0
495,3880,9,3880,9,2,0.0,1.0,26.66819953918457,0.0,0.0,0.0
496,9677,2793,9677,2793,0,0.0,1.0,-4.500584602355957,0.0,0.0,0.0
497,7081,38,7081,38,0,0.0,1.0,78.3425064086914,0.0,0.0,0.0
498,1252,88,1252,88,2,0.0,1.0,-7.092014312744141,0.0,0.0,0.0
499,4440,473,4440,473,2,0.0,1.0,13.917826652526855,0.0,0.0,0.0
500,92,2,92,2,0,0.0,1.0,-13.06298542022705,0.0,0.0,0.0
501,2410,832,2410,832,0,0.0,1.0,-2.775998115539551,0.0,0.0,0.0
502,5567,1223,5567,1223,0,0.0,1.0,3.6198530197143555,0.0,0.0,0.0
503,18495,10,18495,10,1,0.0,1.0,94.46175384521484,0.0,0.0,0.0
504,2793,8,2793,8,1,0.0,1.0,18.19792366027832,0.0,0.0,0.0
505,453,5,453,5,2,0.0,1.0,-3.126434087753296,0.0,0.0,0.0
506,1772,6,1772,6,2,0.0,1.0,8.601668357849121,0.0,0.0,0.0
507,2650,39,2650,39,0,0.0,1.0,-0.14292243123054504,0.0,0.0,0.0
508,22700,421,22700,421,2,0.0,1.0,89.8011703491211,0.0,0.0,0.0
509,5772,1521,5772,1521,0,0.0,1.0,-0.7232714295387268,0.0,0.0,0.0
510,6460,1898,6460,1898,0,0.0,1.0,-2.659672737121582,0.0,0.0,0.0
511,1422,3081,1422,3081,2,0.0,1.0,-16.93300437927246,0.0,0.0,0.0
512,4611,893,4611,893,0,0.0,1.0,5.4549665451049805,0.0,0.0,0.0
513,2863,568,2863,568,0,0.0,1.0,3.0679197311401367,0.0,0.0,0.0
514,1719,1184,1719,1184,2,0.0,1.0,-8.277268409729004,0.0,0.0,0.0
515,3057,771,3057,771,2,0.0,1.0,0.08928199857473373,0.0,0.0,0.0
516,16546,2549,16546,2549,0,0.0,1.0,36.44021224975586,0.0,0.0,0.0
517,8599,55,8599,55,2,0.0,1.0,34.54812240600586,0.0,0.0,0.0
518,16778,3238,16778,3238,0,0.0,1.0,19.849573135375977,0.0,0.0,0.0
519,17390,1328,17390,1328,0,0.0,1.0,61.05593490600586,0.0,0.0,0.0
520,4055,1021,4055,1021,0,0.0,1.0,-0.4901781380176544,0.0,0.0,0.0
521,3156,18,3156,18,2,0.0,1.0,33.637935638427734,0.0,0.0,0.0
522,2748,210,2748,210,0,0.0,1.0,10.07007122039795,0.0,0.0,0.0
523,7603,382,7603,382,2,0.0,1.0,28.53777503967285,0.0,0.0,0.0
524,31510,1624,31510,1624,0,0.0,1.0,115.93331146240234,0.0,0.0,0.0
525,717,22,717,22,2,0.0,1.0,-29.744619369506836,0.0,0.0,0.0
526,69891,1300,69891,1300,2,0.0,1.0,273.2236022949219,0.0,0.0,0.0
527,2568,63,2568,63,2,0.0,1.0,11.927935600280762,0.0,0.0,0.0
528,232,21,232,21,2,0.0,1.0,-0.17455223202705383,0.0,0.0,0.0
529,4271,1004,4271,1004,0,0.0,1.0,1.587611198425293,0.0,0.0,0.0
530,2310,1102,2310,1102,2,0.0,1.0,-3.495305061340332,0.0,0.0,0.0
531,3373,1935,3373,1935,2,0.0,1.0,-18.043378829956055,0.0,0.0,0.0
532,4962,7,4962,7,1,0.0,1.0,22.326303482055664,0.0,0.0,0.0
533,5254,1,5254,1,2,0.0,1.0,25.96238136291504,0.0,0.0,0.0
534,1040,2,1040,2,0,0.0,1.0,7.553296089172363,0.0,0.0,0.0
535,2269,3,2269,3,0,0.0,1.0,22.00208854675293,0.0,0.0,0.0
536,6631,52,6631,52,1,0.0,1.0,30.844858169555664,0.0,0.0,0.0
537,1350,5275,1350,5275,2,0.0,1.0,-9.937352180480957,0.0,0.0,0.0
538,4699,1430,4699,1430,0,0.0,1.0,-2.651066780090332,0.0,0.0,0.0
539,6097,341,6097,341,0,0.0,1.0,23.738245010375977,0.0,0.0,0.0
540,4121,2547,4121,2547,2,0.0,1.0,-24.848791122436523,0.0,0.0,0.0
541,13678,1984,13678,1984,0,0.0,1.0,36.825313568115234,0.0,0.0,0.0
542,6597,66,6597,66,2,0.0,1.0,31.40018653869629,0.0,0.0,0.0
543,4500,44,4500,44,1,0.0,1.0,18.63675880432129,0.0,0.0,0.0
544,46,558,46,558,2,0.0,1.0,-2.384099006652832,0.0,0.0,0.0
545,20142,1043,20142,1043,0,0.0,1.0,73.8578109741211,0.0,0.0,0.0
546,3693,726,3693,726,0,0.0,1.0,4.733241081237793,0.0,0.0,0.0
547,19501,857,19501,857,0,0.0,1.0,72.98848724365234,0.0,0.0,0.0
548,5533,479,5533,479,0,0.0,1.0,19.149789810180664,0.0,0.0,0.0
549,4853,537,4853,537,0,0.0,1.0,15.359248161315918,0.0,0.0,0.0
550,3030,131,3030,131,0,0.0,1.0,11.490641593933105,0.0,0.0,0.0
551,9846,1859,9846,1859,0,0.0,1.0,14.403651237487793,0.0,0.0,0.0
552,4697,35,4697,35,1,0.0,1.0,21.657983779907227,0.0,0.0,0.0
553,46390,174,46390,174,0,0.0,1.0,182.74874877929688,0.0,0.0,0.0
554,6276,18,6276,18,2,0.0,1.0,35.48432540893555,0.0,0.0,0.0
555,3424,985,3424,985,0,0.0,1.0,-0.5631609559059143,0.0,0.0,0.0
556,1263,1297,1263,1297,2,0.0,1.0,-4.724419593811035,0.0,0.0,0.0
557,6538,4454,6538,4454,2,0.0,1.0,-32.65727615356445,0.0,0.0,0.0
558,570,12,570,12,0,0.0,1.0,5.086063385009766,0.0,0.0,0.0
559,453,15,453,15,0,0.0,1.0,-45.46670913696289,0.0,0.0,0.0
560,4394,3187,4394,3187,2,0.0,1.0,-14.7559175491333,0.0,0.0,0.0
561,2478,1941,2478,1941,2,0.0,1.0,-2.7734270095825195,0.0,0.0,0.0
562,13562,345,13562,345,2,0.0,1.0,52.365291595458984,0.0,0.0,0.0
563,38101,97,38101,97,0,0.0,1.0,149.01156616210938,0.0,0.0,0.0
564,11948,735,11948,735,0,0.0,1.0,43.102718353271484,0.0,0.0,0.0
565,24596,1198,24596,1198,0,0.0,1.0,91.7247543334961,0.0,0.0,0.0
566,4805,704,4805,704,0,0.0,1.0,12.30945873260498,0.0,0.0,0.0
567,5824,3455,5824,3455,2,0.0,1.0,-34.983585357666016,0.0,0.0,0.0
568,9242,1684,9242,1684,0,0.0,1.0,13.310603141784668,0.0,0.0,0.0
569,206,3,206,3,0,0.0,1.0,-18.03419303894043,0.0,0.0,0.0
570,3266,35,3266,35,0,0.0,1.0,36.73817825317383,0.0,0.0,0.0
571,7064,2571,7064,2571,0,0.0,1.0,-10.32970142364502,0.0,0.0,0.0
572,8872,4037,8872,4037,2,0.0,1.0,-8.399662971496582,0.0,0.0,0.0
573,37874,585,37874,585,0,0.0,1.0,149.07687377929688,0.0,0.0,0.0
574,6978,2648,6978,2648,2,0.0,1.0,-9.552006721496582,0.0,0.0,0.0
575,3316,4,3316,4,0,0.0,1.0,38.11928176879883,0.0,0.0,0.0
576,298,375,298,375,2,0.0,1.0,-2.2639026641845703,0.0,0.0,0.0
577,38265,631,38265,631,2,0.0,1.0,149.58163452148438,0.0,0.0,0.0
578,7313,2277,7313,2277,0,0.0,1.0,-4.3589677810668945,0.0,0.0,0.0
579,4214,1584,4214,1584,0,0.0,1.0,-5.855229377746582,0.0,0.0,0.0
580,2882,148,2882,148,0,0.0,1.0,10.64271068572998,0.0,0.0,0.0
581,961,37,961,37,2,0.0,1.0,-1.2943048477172852,0.0,0.0,0.0
582,9457,702,9457,702,2,0.0,1.0,39.57735824584961,0.0,0.0,0.0
583,989,817,989,817,2,0.0,1.0,-1.2458200454711914,0.0,0.0,0.0
584,9480,1971,9480,1971,0,0.0,1.0,7.956355094909668,0.0,0.0,0.0
585,9574,1482,9574,1482,0,0.0,1.0,20.5637149810791,0.0,0.0,0.0
586,2036,4,2036,4,2,0.0,1.0,18.640371322631836,0.0,0.0,0.0
587,16227,923,16227,923,0,0.0,1.0,59.13955307006836,0.0,0.0,0.0
588,13914,347,13914,347,2,0.0,1.0,55.07131576538086,0.0,0.0,0.0
589,2713,5322,2713,5322,2,0.0,1.0,-26.7663631439209,0.0,0.0,0.0
590,5529,442,5529,442,0,0.0,1.0,19.369211196899414,0.0,0.0,0.0
591,397,7,397,7,2,0.0,1.0,-0.6758013367652893,0.0,0.0,0.0
592,2460,33,2460,33,2,0.0,1.0,16.322599411010742,0.0,0.0,0.0
593,39005,837,39005,837,2,0.0,1.0,151.84286499023438,0.0,0.0,0.0
594,9912,669,9912,669,0,0.0,1.0,52.08047103881836,0.0,0.0,0.0
595,3643,26,3643,26,2,0.0,1.0,19.13648796081543,0.0,0.0,0.0
596,11285,626,11285,626,0,0.0,1.0,41.71517562866211,0.0,0.0,0.0
597,1349,9,1349,9,2,0.0,1.0,7.544539451599121,0.0,0.0,0.0
598,1098,36,1098,36,2,0.0,1.0,6.405215263366699,0.0,0.0,0.0
599,3389,318,3389,318,2,0.0,1.0,11.900355339050293,0.0,0.0,0.0
600,1044,2,1044,2,2,0.0,1.0,-7.805829048156738,0.0,0.0,0.0
601,2315,1223,2315,1223,2,0.0,1.0,-9.151349067687988,0.0,0.0,0.0
602,526,39,526,39,0,0.0,1.0,-50.13815689086914,0.0,0.0,0.0
603,590,551,590,551,2,0.0,1.0,-1.6720895767211914,0.0,0.0,0.0
604,363,1308,363,1308,2,0.0,1.0,-5.733929634094238,0.0,0.0,0.0
605,227,21,227,21,2,0.0,1.0,1.7067546844482422,0.0,0.0,0.0
606,669,1633,669,1633,2,0.0,1.0,-9.734833717346191,0.0,0.0,0.0
607,1609,518,1609,518,0,0.0,1.0,-1.1721811294555664,0.0,0.0,0.0
608,8270,426,8270,426,0,0.0,1.0,31.039880752563477,0.0,0.0,0.0
609,102690,1,102690,1,2,0.0,1.0,395.4545593261719,0.0,0.0,0.0
610,2810,1156,2810,1156,0,0.0,1.0,-3.0123414993286133,0.0,0.0,0.0
611,941,1025,941,1025,2,0.0,1.0,-5.165596961975098,0.0,0.0,0.0
612,42,812,42,812,2,0.0,1.0,1.2037725448608398,0.0,0.0,0.0
613,2810,130,2810,130,0,0.0,1.0,10.559168815612793,0.0,0.0,0.0
614,2719,1167,2719,1167,2,0.0,1.0,-2.4795656204223633,0.0,0.0,0.0
615,3038,2079,3038,2079,2,0.0,1.0,-14.996495246887207,0.0,0.0,0.0
616,2541,3,2541,3,2,0.0,1.0,15.439562797546387,0.0,0.0,0.0
617,4462,3535,4462,3535,0,0.0,1.0,-3.902134895324707,0.0,0.0,0.0
618,14788,734,14788,734,0,0.0,1.0,55.10305404663086,0.0,0.0,0.0
619,4742,4444,4742,4444,2,0.0,1.0,-12.862187385559082,0.0,0.0,0.0
620,367,15,367,15,2,0.0,1.0,-3.291627883911133,0.0,0.0,0.0
621,6585,18,6585,18,2,0.0,1.0,27.60251808166504,0.0,0.0,0.0
622,6238,419,6238,419,0,0.0,1.0,23.179834365844727,0.0,0.0,0.0
623,7608,66,7608,66,2,0.0,1.0,52.25851058959961,0.0,0.0,0.0
624,5001,9,5001,9,1,0.0,1.0,36.459102630615234,0.0,0.0,0.0
625,502,5,502,5,2,0.0,1.0,0.782132089138031,0.0,0.0,0.0
626,201,2834,201,2834,2,0.0,1.0,5.707583427429199,0.0,0.0,0.0
627,1125,187,1125,187,0,0.0,1.0,2.234042167663574,0.0,0.0,0.0
628,4564,716,4564,716,2,0.0,1.0,9.615656852722168,0.0,0.0,0.0
629,10459,1649,10459,1649,2,0.0,1.0,21.703088760375977,0.0,0.0,0.0
630,3440,692,3440,692,0,0.0,1.0,3.4306135177612305,0.0,0.0,0.0
631,7,20,7,20,2,0.0,1.0,-15.492070198059082,0.0,0.0,0.0
632,553,1023,553,1023,2,0.0,1.0,-5.075966835021973,0.0,0.0,0.0
633,9404,735,9404,735,0,0.0,1.0,35.95089340209961,0.0,0.0,0.0
634,231,38,231,38,0,0.0,1.0,-16.125926971435547,0.0,0.0,0.0
635,8290,382,8290,382,0,0.0,1.0,30.86419105529785,0.0,0.0,0.0
636,3458,217,3458,217,2,0.0,1.0,13.42560863494873,0.0,0.0,0.0
637,30003,12,30003,12,2,0.0,1.0,117.48506927490234,0.0,0.0,0.0
638,16919,1808,16919,1808,1,0.0,1.0,53.04800033569336,0.0,0.0,0.0
639,3228,1720,3228,1720,2,0.0,1.0,-18.64449119567871,0.0,0.0,0.0
640,1948,3123,1948,3123,2,0.0,1.0,-15.56297779083252,0.0,0.0,0.0
641,3220,2238,3220,2238,2,0.0,1.0,-14.691693305969238,0.0,0.0,0.0
642,4031,544,4031,544,0,0.0,1.0,10.855769157409668,0.0,0.0,0.0
643,9832,76,9832,76,0,0.0,1.0,109.36957550048828,0.0,0.0,0.0
644,3563,521,3563,521,0,0.0,1.0,8.840876579284668,0.0,0.0,0.0
645,14732,1420,14732,1420,2,0.0,1.0,48.96645736694336,0.0,0.0,0.0
646,9910,280,9910,280,1,0.0,1.0,39.285884857177734,0.0,0.0,0.0
647,454,58,454,58,0,0.0,1.0,1.3000669479370117,0.0,0.0,0.0
648,2930,1475,2930,1475,2,0.0,1.0,-7.1916704177856445,0.0,0.0,0.0
649,1615,1334,1615,1334,2,0.0,1.0,-2.571000099182129,0.0,0.0,0.0
650,12369,5175,12369,5175,0,0.0,1.0,-11.714329719543457,0.0,0.0,0.0
651,378,1,378,1,0,0.0,1.0,-0.5287342667579651,0.0,0.0,0.0
652,9022,1217,9022,1217,1,0.0,1.0,23.382104873657227,0.0,0.0,0.0
653,7321,76,7321,76,0,0.0,1.0,69.29573822021484,0.0,0.0,0.0
654,1879,3030,1879,3030,2,0.0,1.0,-14.928860664367676,0.0,0.0,0.0
655,18278,6497,18278,6497,0,0.0,1.0,-25.108739852905273,0.0,0.0,0.0
656,4803,1712,4803,1712,0,0.0,1.0,-6.3437700271606445,0.0,0.0,0.0
657,2626,33,2626,33,0,0.0,1.0,30.615018844604492,0.0,0.0,0.0
658,3388,244,3388,244,2,0.0,1.0,12.468462944030762,0.0,0.0,0.0
659,515,2247,515,2247,2,0.0,1.0,-2.7280702590942383,0.0,0.0,0.0
660,22097,1730,22097,1730,0,0.0,1.0,78.62899017333984,0.0,0.0,0.0
661,10987,1354,10987,1354,1,0.0,1.0,30.599695205688477,0.0,0.0,0.0
662,4413,614,4413,614,0,0.0,1.0,10.967066764831543,0.0,0.0,0.0
663,33142,2104,33142,2104,2,0.0,1.0,119.66231536865234,0.0,0.0,0.0
664,2791,840,2791,840,0,0.0,1.0,-0.4219560921192169,0.0,0.0,0.0
665,17438,472,17438,472,1,0.0,1.0,67.7035140991211,0.0,0.0,0.0
666,7520,451,7520,451,2,0.0,1.0,27.58855628967285,0.0,0.0,0.0
667,413,712,413,712,2,0.0,1.0,-3.5512571334838867,0.0,0.0,0.0
668,2575,1126,2575,1126,2,0.0,1.0,-2.426274299621582,0.0,0.0,0.0
669,7258,5186,7258,5186,2,0.0,1.0,-27.63191795349121,0.0,0.0,0.0
670,2839,715,2839,715,0,0.0,1.0,-0.39750388264656067,0.0,0.0,0.0
671,8014,1750,8014,1750,0,0.0,1.0,4.863490104675293,0.0,0.0,0.0
672,66,670,66,670,2,0.0,1.0,1.4877614974975586,0.0,0.0,0.0
673,16884,1,16884,1,2,0.0,1.0,139.71151733398438,0.0,0.0,0.0
674,1367,3,1367,3,0,0.0,1.0,-2.8629884719848633,0.0,0.0,0.0
675,3613,1399,3613,1399,0,0.0,1.0,-4.744748115539551,0.0,0.0,0.0
676,4559,20,4559,20,0,0.0,1.0,19.36846351623535,0.0,0.0,0.0
677,5030,3272,5030,3272,2,0.0,1.0,-28.253042221069336,0.0,0.0,0.0
678,32573,1176,32573,1176,0,0.0,1.0,123.44673919677734,0.0,0.0,0.0
679,8097,334,8097,334,0,0.0,1.0,30.87529945373535,0.0,0.0,0.0
680,17919,4219,17919,4219,0,0.0,1.0,2.453883171081543,0.0,0.0,0.0
681,26915,32,26915,32,1,0.0,1.0,129.78518676757812,0.0,0.0,0.0
682,32298,19,32298,19,0,0.0,1.0,148.91134643554688,0.0,0.0,0.0
683,3148,484,3148,484,0,0.0,1.0,6.891871452331543,0.0,0.0,0.0
684,8430,2246,8430,2246,2,0.0,1.0,-2.753361701965332,0.0,0.0,0.0
685,830,3349,830,3349,2,0.0,1.0,-7.825688362121582,0.0,0.0,0.0
686,13585,4396,13585,4396,0,0.0,1.0,-11.796360969543457,0.0,0.0,0.0
687,8650,393,8650,393,0,0.0,1.0,33.213558197021484,0.0,0.0,0.0
688,22757,2010,22757,2010,0,0.0,1.0,78.26180267333984,0.0,0.0,0.0
689,14356,3648,14356,3648,0,0.0,1.0,-4.060460090637207,0.0,0.0,0.0
690,9636,2474,9636,2474,0,0.0,1.0,-2.380803108215332,0.0,0.0,0.0
691,26080,1690,26080,1690,0,0.0,1.0,94.4591293334961,0.0,0.0,0.0
692,667,898,667,898,2,0.0,1.0,-4.070797920227051,0.0,0.0,0.0
693,10261,3985,10261,3985,2,0.0,1.0,-13.100193977355957,0.0,0.0,0.0
694,772,1509,772,1509,2,0.0,1.0,-7.835419654846191,0.0,0.0,0.0
695,43184,12,43184,12,1,0.0,1.0,266.0130310058594,0.0,0.0,0.0
696,7203,4389,7203,4389,2,0.0,1.0,-44.25850296020508,0.0,0.0,0.0
697,8462,819,8462,819,2,0.0,1.0,29.60149574279785,0.0,0.0,0.0
698,30958,3018,30958,3018,2,0.0,1.0,102.35128021240234,0.0,0.0,0.0
699,11850,3,11850,3,2,0.0,1.0,67.38115692138672,0.0,0.0,0.0
700,1551,1216,1551,1216,0,0.0,1.0,-1.6754045486450195,0.0,0.0,0.0
701,3691,952,3691,952,0,0.0,1.0,-1.3031129837036133,0.0,0.0,0.0
702,3420,2854,3420,2854,2,0.0,1.0,-4.786870002746582,0.0,0.0,0.0
703,4486,1215,4486,1215,0,0.0,1.0,-1.7608842849731445,0.0,0.0,0.0
704,940,1,940,1,2,0.0,1.0,6.083989143371582,0.0,0.0,0.0
705,8518,111,8518,111,2,0.0,1.0,33.55642318725586,0.0,0.0,0.0
706,2802,2593,2802,2593,2,0.0,1.0,-7.250279426574707,0.0,0.0,0.0
707,3567,87,3567,87,1,0.0,1.0,13.960856437683105,0.0,0.0,0.0
708,1864,87,1864,87,0,0.0,1.0,7.0558271408081055,0.0,0.0,0.0
709,806,924,806,924,2,0.0,1.0,-3.852776527404785,0.0,0.0,0.0
710,6863,581,6863,581,0,0.0,1.0,24.28678321838379,0.0,0.0,0.0
711,7012,1032,7012,1032,0,0.0,1.0,16.375070571899414,0.0,0.0,0.0
712,2522,748,2522,748,2,0.0,1.0,-0.4169817268848419,0.0,0.0,0.0
713,12634,9,12634,9,0,0.0,1.0,74.97649383544922,0.0,0.0,0.0
714,1465,61,1465,61,2,0.0,1.0,15.86296558380127,0.0,0.0,0.0
715,10330,904,10330,904,2,0.0,1.0,36.72762680053711,0.0,0.0,0.0
716,176,1421,176,1421,2,0.0,1.0,1.5980939865112305,0.0,0.0,0.0
717,9349,2320,9349,2320,0,0.0,1.0,-0.9308214783668518,0.0,0.0,0.0
718,5654,3065,5654,3065,2,0.0,1.0,-22.058889389038086,0.0,0.0,0.0
719,5148,2498,5148,2498,2,0.0,1.0,-8.08324146270752,0.0,0.0,0.0
720,5844,1238,5844,1238,0,0.0,1.0,4.189723014831543,0.0,0.0,0.0
721,5745,1106,5745,1106,0,0.0,1.0,8.058344841003418,0.0,0.0,0.0
722,11576,6,11576,6,0,0.0,1.0,106.5216293334961,0.0,0.0,0.0
723,9169,809,9169,809,2,0.0,1.0,31.536462783813477,0.0,0.0,0.0
724,1838,1795,1838,1795,2,0.0,1.0,-5.9559831619262695,0.0,0.0,0.0
725,2874,101,2874,101,2,0.0,1.0,12.244738578796387,0.0,0.0,0.0
726,668,877,668,877,2,0.0,1.0,-3.614375114440918,0.0,0.0,0.0
727,3278,766,3278,766,0,0.0,1.0,1.4850339889526367,0.0,0.0,0.0
728,5553,675,5553,675,0,0.0,1.0,15.704646110534668,0.0,0.0,0.0
729,7877,149,7877,149,2,0.0,1.0,30.7603702545166,0.0,0.0,0.0
730,13010,80,13010,80,2,0.0,1.0,134.4417724609375,0.0,0.0,0.0
731,3046,91,3046,91,0,0.0,1.0,23.50260353088379,0.0,0.0,0.0
732,3120,1934,3120,1934,2,0.0,1.0,-19.028493881225586,0.0,0.0,0.0
733,1123,1085,1123,1085,2,0.0,1.0,-3.500607490539551,0.0,0.0,0.0
734,85617,1548,85617,1548,2,0.0,1.0,334.1039733886719,0.0,0.0,0.0
735,7087,9,7087,9,1,0.0,1.0,37.19352340698242,0.0,0.0,0.0
736,18930,2110,18930,2110,2,0.0,1.0,57.33236312866211,0.0,0.0,0.0
737,3199,1235,3199,1235,0,0.0,1.0,-4.187809944152832,0.0,0.0,0.0
738,270,124,270,124,2,0.0,1.0,-2.247150421142578,0.0,0.0,0.0
739,24355,1179,24355,1179,0,0.0,1.0,89.81246185302734,0.0,0.0,0.0
740,12714,910,12714,910,2,0.0,1.0,45.93972396850586,0.0,0.0,0.0
741,3962,574,3962,574,0,0.0,1.0,10.116389274597168,0.0,0.0,0.0
742,7064,9,7064,9,1,0.0,1.0,42.474544525146484,0.0,0.0,0.0
743,1607,1908,1607,1908,2,0.0,1.0,-6.938084602355957,0.0,0.0,0.0
744,1643,1030,1643,1030,2,0.0,1.0,-9.864773750305176,0.0,0.0,0.0
745,8287,3,8287,3,2,0.0,1.0,97.5867691040039,0.0,0.0,0.0
746,13066,5465,13066,5465,0,0.0,1.0,-14.473057746887207,0.0,0.0,0.0
747,5160,315,5160,315,0,0.0,1.0,19.865121841430664,0.0,0.0,0.0
748,2253,3090,2253,3090,2,0.0,1.0,-13.043675422668457,0.0,0.0,0.0
749,1287,1631,1287,1631,2,0.0,1.0,-5.706875801086426,0.0,0.0,0.0
750,5631,1108,5631,1108,0,0.0,1.0,6.5607099533081055,0.0,0.0,0.0
751,1765,1705,1765,1705,2,0.0,1.0,-5.460690498352051,0.0,0.0,0.0
752,12706,148,12706,148,2,0.0,1.0,51.192989349365234,0.0,0.0,0.0
753,23665,48,23665,48,1,0.0,1.0,135.37661743164062,0.0,0.0,0.0
754,3509,690,3509,690,0,0.0,1.0,4.378924369812012,0.0,0.0,0.0
755,8788,2860,8788,2860,0,0.0,1.0,-7.678013801574707,0.0,0.0,0.0
756,17853,101,17853,101,2,0.0,1.0,72.16292572021484,0.0,0.0,0.0
757,1435,51,1435,51,2,0.0,1.0,6.214987754821777,0.0,0.0,0.0
758,858,662,858,662,2,0.0,1.0,-1.3651304244995117,0.0,0.0,0.0
759,938,11,938,11,2,0.0,1.0,3.7317991256713867,0.0,0.0,0.0
760,2818,618,2818,618,0,0.0,1.0,3.1342039108276367,0.0,0.0,0.0
761,6947,315,6947,315,2,0.0,1.0,27.1010684967041,0.0,0.0,0.0
762,32395,390,32395,390,1,0.0,1.0,128.54830932617188,0.0,0.0,0.0
763,240,2681,240,2681,2,0.0,1.0,5.902422904968262,0.0,0.0,0.0
764,2318,489,2318,489,0,0.0,1.0,2.237513542175293,0.0,0.0,0.0
765,3163,1490,3163,1490,2,0.0,1.0,-4.392849922180176,0.0,0.0,0.0
766,3371,1055,3371,1055,0,0.0,1.0,-1.5654268264770508,0.0,0.0,0.0
767,6771,2110,6771,2110,0,0.0,1.0,-3.9038591384887695,0.0,0.0,0.0
768,1002,6,1002,6,1,0.0,1.0,11.944838523864746,0.0,0.0,0.0
769,1505,7,1505,7,2,0.0,1.0,-8.768725395202637,0.0,0.0,0.0
770,7779,5366,7779,5366,2,0.0,1.0,-37.01004409790039,0.0,0.0,0.0
771,891,1501,891,1501,2,0.0,1.0,-7.681962013244629,0.0,0.0,0.0
772,3954,383,3954,383,2,0.0,1.0,14.759364128112793,0.0,0.0,0.0
773,7546,97,7546,97,2,0.0,1.0,32.576229095458984,0.0,0.0,0.0
774,371,435,371,435,2,0.0,1.0,-2.095433235168457,0.0,0.0,0.0
775,6030,289,6030,289,0,0.0,1.0,22.700769424438477,0.0,0.0,0.0
776,9779,755,9779,755,2,0.0,1.0,34.99978256225586,0.0,0.0,0.0
777,3139,1534,3139,1534,2,0.0,1.0,-6.5199174880981445,0.0,0.0,0.0
778,2253,2202,2253,2202,2,0.0,1.0,-7.297131538391113,0.0,0.0,0.0
779,9948,651,9948,651,0,0.0,1.0,36.36648178100586,0.0,0.0,0.0
780,39570,21,39570,21,0,0.0,1.0,200.55551147460938,0.0,0.0,0.0
781,5232,367,5232,367,0,0.0,1.0,19.04790687561035,0.0,0.0,0.0
782,7019,1308,7019,1308,2,0.0,1.0,9.70777416229248,0.0,0.0,0.0
783,57009,54,57009,54,0,0.0,1.0,224.62008666992188,0.0,0.0,0.0
784,5832,2455,5832,2455,2,0.0,1.0,-6.3058366775512695,0.0,0.0,0.0
785,12904,1442,12904,1442,1,0.0,1.0,39.45663070678711,0.0,0.0,0.0
786,43966,36,43966,36,2,0.0,1.0,189.42953491210938,0.0,0.0,0.0
787,1046,213,1046,213,0,0.0,1.0,1.4258489608764648,0.0,0.0,0.0
788,5930,946,5930,946,0,0.0,1.0,11.828425407409668,0.0,0.0,0.0
789,9915,9,9915,9,2,0.0,1.0,38.754573822021484,0.0,0.0,0.0
790,15865,92,15865,92,0,0.0,1.0,158.91409301757812,0.0,0.0,0.0
791,1679,103,1679,103,0,0.0,1.0,-16.472360610961914,0.0,0.0,0.0
792,3793,691,3793,691,2,0.0,1.0,5.5207014083862305,0.0,0.0,0.0
793,173,1704,173,1704,2,0.0,1.0,2.210268974304199,0.0,0.0,0.0
794,11042,47,11042,47,2,0.0,1.0,52.326778411865234,0.0,0.0,0.0
795,4822,3130,4822,3130,2,0.0,1.0,-27.124990463256836,0.0,0.0,0.0
796,27447,19,27447,19,1,0.0,1.0,147.31643676757812,0.0,0.0,0.0
797,13188,8,13188,8,1,0.0,1.0,106.4985580444336,0.0,0.0,0.0
798,5688,733,5688,733,1,0.0,1.0,15.364924430847168,0.0,0.0,0.0
799,3790,2220,3790,2220,2,0.0,1.0,-22.005422592163086,0.0,0.0,0.0
800,15721,1030,15721,1030,0,0.0,1.0,57.06283187866211,0.0,0.0,0.0
801,42022,1685,42022,1685,0,0.0,1.0,157.51608276367188,0.0,0.0,0.0
802,1523,1887,1523,1887,2,0.0,1.0,-6.715641975402832,0.0,0.0,0.0
803,2313,3079,2313,3079,2,0.0,1.0,-11.554646492004395,0.0,0.0,0.0
804,8507,1878,8507,1878,2,0.0,1.0,4.618189811706543,0.0,0.0,0.0
805,1908,3540,1908,3540,2,0.0,1.0,-18.35931968688965,0.0,0.0,0.0
806,259,53,259,53,2,0.0,1.0,0.018027745187282562,0.0,0.0,0.0
807,15248,1131,15248,1131,0,0.0,1.0,53.81734848022461,0.0,0.0,0.0
808,22733,29,22733,29,2,0.0,1.0,98.9500961303711,0.0,0.0,0.0
809,14032,1571,14032,1571,2,0.0,1.0,42.71871566772461,0.0,0.0,0.0
810,9900,191,9900,191,2,0.0,1.0,40.280757904052734,0.0,0.0,0.0
811,11554,2661,11554,2661,0,0.0,1.0,4.142512321472168,0.0,0.0,0.0
812,7480,67,7480,67,2,0.0,1.0,33.452816009521484,0.0,0.0,0.0
813,4859,1709,4859,1709,0,0.0,1.0,-5.5496721267700195,0.0,0.0,0.0
814,10097,5649,10097,5649,2,0.0,1.0,-46.09805679321289,0.0,0.0,0.0
815,21267,3211,21267,3211,0,0.0,1.0,46.54623031616211,0.0,0.0,0.0
816,390,2469,390,2469,2,0.0,1.0,1.3179807662963867,0.0,0.0,0.0
817,3313,2792,3313,2792,2,0.0,1.0,-5.074864387512207,0.0,0.0,0.0
818,7032,3947,7032,3947,2,0.0,1.0,-33.58076858520508,0.0,0.0,0.0
819,14726,502,14726,502,1,0.0,1.0,55.77102279663086,0.0,0.0,0.0
820,32468,4,32468,4,2,0.0,1.0,170.50045776367188,0.0,0.0,0.0
821,3158,1,3158,1,0,0.0,1.0,-27.361726760864258,0.0,0.0,0.0
822,3271,2931,3271,2931,2,0.0,1.0,-7.234158515930176,0.0,0.0,0.0
823,3066,14,3066,14,2,0.0,1.0,16.073137283325195,0.0,0.0,0.0
824,23752,51,23752,51,2,0.0,1.0,111.1261215209961,0.0,0.0,0.0
825,12657,20,12657,20,0,0.0,1.0,60.489131927490234,0.0,0.0,0.0
826,9101,2530,9101,2530,2,0.0,1.0,-4.430150032043457,0.0,0.0,0.0
827,9040,2790,9040,2790,0,0.0,1.0,-5.624943733215332,0.0,0.0,0.0
828,4111,847,4111,847,0,0.0,1.0,3.551722526550293,0.0,0.0,0.0
829,13863,1210,13863,1210,0,0.0,1.0,47.96303939819336,0.0,0.0,0.0
830,18622,626,18622,626,2,0.0,1.0,70.6707992553711,0.0,0.0,0.0
831,5660,6,5660,6,0,0.0,1.0,53.03379440307617,0.0,0.0,0.0
832,5656,10077,5656,10077,2,0.0,1.0,-50.99551773071289,0.0,0.0,0.0
833,2425,81,2425,81,2,0.0,1.0,11.601595878601074,0.0,0.0,0.0
834,7072,1546,7072,1546,0,0.0,1.0,4.0613203048706055,0.0,0.0,0.0
835,10965,9,10965,9,0,0.0,1.0,105.64803314208984,0.0,0.0,0.0
836,15999,201,15999,201,2,0.0,1.0,63.96474838256836,0.0,0.0,0.0
837,3411,2506,3411,2506,2,0.0,1.0,-10.392704963684082,0.0,0.0,0.0
838,1921,2135,1921,2135,2,0.0,1.0,-7.4536027908325195,0.0,0.0,0.0
839,6505,263,6505,263,2,0.0,1.0,26.37119483947754,0.0,0.0,0.0
840,3635,407,3635,407,2,0.0,1.0,12.12977123260498,0.0,0.0,0.0
841,11639,3633,11639,3633,0,0.0,1.0,-7.543156623840332,0.0,0.0,0.0
842,1880,535,1880,535,0,0.0,1.0,-0.7872324585914612,0.0,0.0,0.0
843,8146,1615,8146,1615,0,0.0,1.0,9.146143913269043,0.0,0.0,0.0
844,442,840,442,840,2,0.0,1.0,-4.3013200759887695,0.0,0.0,0.0
845,12955,1418,12955,1418,0,0.0,1.0,39.625179290771484,0.0,0.0,0.0
846,3901,531,3901,531,2,0.0,1.0,10.178370475769043,0.0,0.0,0.0
847,5067,130,5067,130,2,0.0,1.0,19.715219497680664,0.0,0.0,0.0
848,3049,1,3049,1,0,0.0,1.0,12.741435050964355,0.0,0.0,0.0
849,11544,2001,11544,2001,0,0.0,1.0,19.038721084594727,0.0,0.0,0.0
850,11040,328,11040,328,1,0.0,1.0,42.274044036865234,0.0,0.0,0.0
851,5384,1098,5384,1098,2,0.0,1.0,5.4918012619018555,0.0,0.0,0.0
852,1236,19,1236,19,2,0.0,1.0,4.310502052307129,0.0,0.0,0.0
853,7566,43,7566,43,0,0.0,1.0,82.89496612548828,0.0,0.0,0.0
854,872,1136,872,1136,2,0.0,1.0,-5.071728706359863,0.0,0.0,0.0
855,2016,6443,2016,6443,2,0.0,1.0,-21.217321395874023,0.0,0.0,0.0
856,1321,3293,1321,3293,2,0.0,1.0,-19.633337020874023,0.0,0.0,0.0
857,19996,2,19996,2,2,0.0,1.0,81.12264251708984,0.0,0.0,0.0
858,11639,8,11639,8,0,0.0,1.0,59.84957504272461,0.0,0.0,0.0
859,14800,2,14800,2,2,0.0,1.0,85.9731674194336,0.0,0.0,0.0
860,40409,6,40409,6,1,0.0,1.0,232.62777709960938,0.0,0.0,0.0
861,6866,1262,6866,1262,0,0.0,1.0,9.682490348815918,0.0,0.0,0.0
862,7310,927,7310,927,1,0.0,1.0,19.86882972717285,0.0,0.0,0.0
863,985,4462,985,4462,2,0.0,1.0,-4.6947526931762695,0.0,0.0,0.0
864,1501,1587,1501,1587,2,0.0,1.0,-5.731205940246582,0.0,0.0,0.0
865,81,1378,81,1378,2,0.0,1.0,3.1676435470581055,0.0,0.0,0.0
866,1694,123,1694,123,2,0.0,1.0,12.355975151062012,0.0,0.0,0.0
867,1757,1271,1757,1271,2,0.0,1.0,-5.759026527404785,0.0,0.0,0.0
868,2887,2776,2887,2776,2,0.0,1.0,-8.777241706848145,0.0,0.0,0.0
869,12017,19,12017,19,2,0.0,1.0,70.38439178466797,0.0,0.0,0.0
870,6624,140,6624,140,2,0.0,1.0,26.927087783813477,0.0,0.0,0.0
871,6508,435,6508,435,0,0.0,1.0,23.292932510375977,0.0,0.0,0.0
872,4121,293,4121,293,0,0.0,1.0,15.380656242370605,0.0,0.0,0.0
873,6738,92,6738,92,2,0.0,1.0,26.68918800354004,0.0,0.0,0.0
874,3672,2420,3672,2420,2,0.0,1.0,-20.290800094604492,0.0,0.0,0.0
875,16293,2122,16293,2122,1,0.0,1.0,46.10537338256836,0.0,0.0,0.0
876,15090,844,15090,844,0,0.0,1.0,55.04330062866211,0.0,0.0,0.0
877,19977,4,19977,4,0,0.0,1.0,101.2348861694336,0.0,0.0,0.0
878,1610,1372,1610,1372,2,0.0,1.0,-2.6722612380981445,0.0,0.0,0.0
879,3339,1813,3339,1813,2,0.0,1.0,-14.28398609161377,0.0,0.0,0.0
880,22930,537,22930,537,1,0.0,1.0,88.50801849365234,0.0,0.0,0.0
881,4478,1582,4478,1582,0,0.0,1.0,-5.946721076965332,0.0,0.0,0.0
882,6890,2886,6890,2886,2,0.0,1.0,-7.763340950012207,0.0,0.0,0.0
883,4232,243,4232,243,1,0.0,1.0,17.336313247680664,0.0,0.0,0.0
884,26168,695,26168,695,0,0.0,1.0,100.5726547241211,0.0,0.0,0.0
885,36165,760,36165,760,0,0.0,1.0,141.61166381835938,0.0,0.0,0.0
886,6247,8,6247,8,2,0.0,1.0,47.46003341674805,0.0,0.0,0.0
887,3608,588,3608,588,0,0.0,1.0,7.418383598327637,0.0,0.0,0.0
888,6969,1176,6969,1176,0,0.0,1.0,12.814173698425293,0.0,0.0,0.0
889,41569,68,41569,68,2,0.0,1.0,170.15951538085938,0.0,0.0,0.0
890,13945,4205,13945,4205,2,0.0,1.0,-6.825078010559082,0.0,0.0,0.0
891,14927,652,14927,652,0,0.0,1.0,56.09084701538086,0.0,0.0,0.0
892,6711,3799,6711,3799,2,0.0,1.0,-33.12967300415039,0.0,0.0,0.0
893,3281,30,3281,30,2,0.0,1.0,13.482569694519043,0.0,0.0,0.0
894,4619,89,4619,89,2,0.0,1.0,19.262155532836914,0.0,0.0,0.0
895,45158,2660,45158,2660,0,0.0,1.0,163.56234741210938,0.0,0.0,0.0
896,3171,400,3171,400,1,0.0,1.0,9.534937858581543,0.0,0.0,0.0
897,1650,1460,1650,1460,2,0.0,1.0,-3.5805444717407227,0.0,0.0,0.0
898,4099,199,4099,199,0,0.0,1.0,15.921000480651855,0.0,0.0,0.0
899,31348,18,31348,18,0,0.0,1.0,153.55209350585938,0.0,0.0,0.0
900,22502,73,22502,73,1,0.0,1.0,115.91646575927734,0.0,0.0,0.0
901,9336,2130,9336,2130,2,0.0,1.0,3.210932731628418,0.0,0.0,0.0
902,308,2127,308,2127,2,0.0,1.0,0.5773496031761169,0.0,0.0,0.0
903,13764,13,13764,13,1,0.0,1.0,68.0814437866211,0.0,0.0,0.0
904,7646,17,7646,17,1,0.0,1.0,44.090816497802734,0.0,0.0,0.0
905,3031,1166,3031,1166,0,0.0,1.0,-4.052304267883301,0.0,0.0,0.0
906,3664,134,3664,134,2,0.0,1.0,14.006220817565918,0.0,0.0,0.0
907,1534,4445,1534,4445,2,0.0,1.0,-20.14003562927246,0.0,0.0,0.0
908,183,160,183,160,2,0.0,1.0,-0.5442772507667542,0.0,0.0,0.0
909,5353,695,5353,695,2,0.0,1.0,14.392329216003418,0.0,0.0,0.0
910,2588,1331,2588,1331,2,0.0,1.0,-8.876263618469238,0.0,0.0,0.0
911,6587,1226,6587,1226,0,0.0,1.0,8.886622428894043,0.0,0.0,0.0
912,14342,266,14342,266,2,0.0,1.0,56.56252670288086,0.0,0.0,0.0
913,29118,810,29118,810,0,0.0,1.0,112.27169036865234,0.0,0.0,0.0
914,6271,166,6271,166,1,0.0,1.0,24.45658302307129,0.0,0.0,0.0
915,1061,5,1061,5,2,0.0,1.0,-25.973562240600586,0.0,0.0,0.0
916,20444,55,20444,55,0,0.0,1.0,94.09175872802734,0.0,0.0,0.0
917,10479,424,10479,424,0,0.0,1.0,40.080562591552734,0.0,0.0,0.0
918,18163,8,18163,8,2,0.0,1.0,89.3243637084961,0.0,0.0,0.0
919,7016,1183,7016,1183,0,0.0,1.0,13.720133781433105,0.0,0.0,0.0
920,5212,3352,5212,3352,2,0.0,1.0,-30.156972885131836,0.0,0.0,0.0
921,452,2700,452,2700,2,0.0,1.0,0.4328717887401581,0.0,0.0,0.0
922,18371,214,18371,214,1,0.0,1.0,72.46419525146484,0.0,0.0,0.0
923,2498,3299,2498,3299,2,0.0,1.0,-13.226025581359863,0.0,0.0,0.0
924,35649,908,35649,908,1,0.0,1.0,136.95223999023438,0.0,0.0,0.0
925,11082,1834,11082,1834,0,0.0,1.0,21.386072158813477,0.0,0.0,0.0
926,4957,576,4957,576,1,0.0,1.0,15.075495719909668,0.0,0.0,0.0
927,6641,46,6641,46,2,0.0,1.0,37.06600570678711,0.0,0.0,0.0
928,3157,3453,3157,3453,2,0.0,1.0,-13.170613288879395,0.0,0.0,0.0
929,46160,5,46160,5,1,0.0,1.0,197.72628784179688,0.0,0.0,0.0
930,837,1748,837,1748,2,0.0,1.0,-8.96703815460205,0.0,0.0,0.0
931,7184,16,7184,16,0,0.0,1.0,73.85558319091797,0.0,0.0,0.0
932,3950,7,3950,7,2,0.0,1.0,-32.7723274230957,0.0,0.0,0.0
933,12370,2328,12370,2328,2,0.0,1.0,16.019800186157227,0.0,0.0,0.0
934,12,987,12,987,2,0.0,1.0,2.121466636657715,0.0,0.0,0.0
935,1126,472,1126,472,2,0.0,1.0,-1.1479501724243164,0.0,0.0,0.0
936,5221,757,5221,757,0,0.0,1.0,13.665446281433105,0.0,0.0,0.0
937,781,157,781,157,2,0.0,1.0,2.575087547302246,0.0,0.0,0.0
938,10748,2960,10748,2960,2,0.0,1.0,-4.523625373840332,0.0,0.0,0.0
939,7151,3749,7151,3749,2,0.0,1.0,-25.78255271911621,0.0,0.0,0.0
940,4034,4,4034,4,2,0.0,1.0,17.054636001586914,0.0,0.0,0.0
941,7683,1434,7683,1434,0,0.0,1.0,10.206721305847168,0.0,0.0,0.0
942,8941,4,8941,4,2,0.0,1.0,52.26137924194336,0.0,0.0,0.0
943,5251,384,5251,384,0,0.0,1.0,19.134485244750977,0.0,0.0,0.0
944,16316,579,16316,579,0,0.0,1.0,61.56533432006836,0.0,0.0,0.0
945,10523,4837,10523,4837,2,0.0,1.0,-9.143101692199707,0.0,0.0,0.0
946,4076,41,4076,41,1,0.0,1.0,16.347742080688477,0.0,0.0,0.0
947,9835,3479,9835,3479,0,0.0,1.0,-12.957371711730957,0.0,0.0,0.0
948,17882,566,17882,566,1,0.0,1.0,68.2917709350586,0.0,0.0,0.0
949,10432,866,10432,866,2,0.0,1.0,36.573299407958984,0.0,0.0,0.0
950,46551,2715,46551,2715,0,0.0,1.0,169.22055053710938,0.0,0.0,0.0
951,17636,4010,17636,4010,0,0.0,1.0,6.011317253112793,0.0,0.0,0.0
952,330,345,330,345,2,0.0,1.0,-1.2409048080444336,0.0,0.0,0.0
953,3502,6856,3502,6856,2,0.0,1.0,-35.64006423950195,0.0,0.0,0.0
954,9241,841,9241,841,0,0.0,1.0,31.6199893951416,0.0,0.0,0.0
955,5037,235,5037,235,2,0.0,1.0,19.139291763305664,0.0,0.0,0.0
956,17719,620,17719,620,0,0.0,1.0,67.33431243896484,0.0,0.0,0.0
957,7947,139,7947,139,2,0.0,1.0,31.11565589904785,0.0,0.0,0.0
958,8421,480,8421,480,2,0.0,1.0,30.733606338500977,0.0,0.0,0.0
959,28576,628,28576,628,2,0.0,1.0,110.82247161865234,0.0,0.0,0.0
960,3138,2703,3138,2703,2,0.0,1.0,-5.6537065505981445,0.0,0.0,0.0
961,14239,48,14239,48,0,0.0,1.0,57.37063217163086,0.0,0.0,0.0
962,8129,1809,8129,1809,0,0.0,1.0,5.017909049987793,0.0,0.0,0.0
963,4026,84,4026,84,2,0.0,1.0,17.484018325805664,0.0,0.0,0.0
964,31377,199,31377,199,1,0.0,1.0,126.29793548583984,0.0,0.0,0.0
965,8112,569,8112,569,0,0.0,1.0,30.3615665435791,0.0,0.0,0.0
966,323,1841,323,1841,2,0.0,1.0,-0.4515886604785919,0.0,0.0,0.0
967,224,1176,224,1176,2,0.0,1.0,-1.8676958084106445,0.0,0.0,0.0
968,2230,5548,2230,5548,2,0.0,1.0,-30.4742488861084,0.0,0.0,0.0
969,2743,4074,2743,4074,2,0.0,1.0,-19.60504722595215,0.0,0.0,0.0
970,13180,1786,13180,1786,1,0.0,1.0,34.903377532958984,0.0,0.0,0.0
971,16527,1061,16527,1061,2,0.0,1.0,59.30996322631836,0.0,0.0,0.0
972,26539,183,26539,183,1,0.0,1.0,106.33614349365234,0.0,0.0,0.0
973,2729,3649,2729,3649,2,0.0,1.0,-13.970494270324707,0.0,0.0,0.0
974,3675,5848,3675,5848,2,0.0,1.0,-28.668371200561523,0.0,0.0,0.0
975,5920,2591,5920,2591,2,0.0,1.0,-5.357396125793457,0.0,0.0,0.0
976,7149,289,7149,289,0,0.0,1.0,27.227991104125977,0.0,0.0,0.0
977,3899,4114,3899,4114,2,0.0,1.0,-14.770527839660645,0.0,0.0,0.0
978,24320,9,24320,9,0,0.0,1.0,94.54573822021484,0.0,0.0,0.0
979,4999,1104,4999,1104,0,0.0,1.0,3.6078290939331055,0.0,0.0,0.0
980,10086,151,10086,151,2,0.0,1.0,45.234249114990234,0.0,0.0,0.0
981,484,1433,484,1433,2,0.0,1.0,-5.77956485748291,0.0,0.0,0.0
982,12156,1041,12156,1041,0,0.0,1.0,43.502803802490234,0.0,0.0,0.0
983,20999,1450,20999,1450,0,0.0,1.0,76.9801254272461,0.0,0.0,0.0
984,9424,2118,9424,2118,0,0.0,1.0,3.750636100769043,0.0,0.0,0.0
985,5143,3182,5143,3182,2,0.0,1.0,-31.0877742767334,0.0,0.0,0.0
986,596,3114,596,3114,2,0.0,1.0,-2.970219612121582,0.0,0.0,0.0
987,2666,839,2666,839,0,0.0,1.0,-1.6202592849731445,0.0,0.0,0.0
988,5030,2034,5030,2034,2,0.0,1.0,-5.988957405090332,0.0,0.0,0.0
989,688,1,688,1,2,0.0,1.0,4.401827812194824,0.0,0.0,0.0
990,1634,439,1634,439,0,0.0,1.0,-0.5152559876441956,0.0,0.0,0.0
991,5767,2324,5767,2324,0,0.0,1.0,-7.2200517654418945,0.0,0.0,0.0
992,11848,977,11848,977,2,0.0,1.0,41.69875717163086,0.0,0.0,0.0
993,6259,2544,6259,2544,2,0.0,1.0,-7.732243537902832,0.0,0.0,0.0
994,4710,1032,4710,1032,2,0.0,1.0,2.579615592956543,0.0,0.0,0.0
995,1861,14,1861,14,2,0.0,1.0,-16.582473754882812,0.0,0.0,0.0
996,2845,27,2845,27,2,0.0,1.0,18.076967239379883,0.0,0.0,0.0
997,8936,650,8936,650,0,0.0,1.0,31.796960830688477,0.0,0.0,0.0
998,3135,1435,3135,1435,2,0.0,1.0,-3.163090705871582,0.0,0.0,0.0
999,13838,1890,13838,1890,0,0.0,1.0,35.269283294677734,0.0,0.0,0.0
1000,581,14,581,14,2,0.0,1.0,2.635525703430176,0.0,0.0,0.0
1001,4357,22,4357,22,2,0.0,1.0,21.84745216369629,0.0,0.0,0.0
1002,4336,16,4336,16,2,0.0,1.0,54.3122673034668,0.0,0.0,0.0
1003,6378,19,6378,19,2,0.0,1.0,28.542612075805664,0.0,0.0,0.0
1004,615,1,615,1,2,0.0,1.0,3.129873752593994,0.0,0.0,0.0
1005,3631,1243,3631,1243,2,0.0,1.0,-3.554745674133301,0.0,0.0,0.0
1006,2488,12,2488,12,2,0.0,1.0,-21.842260360717773,0.0,0.0,0.0
1007,4308,1076,4308,1076,2,0.0,1.0,-0.6135454773902893,0.0,0.0,0.0
1008,13235,1052,13235,1052,0,0.0,1.0,46.759029388427734,0.0,0.0,0.0
1009,1688,1638,1688,1638,2,0.0,1.0,-6.047184944152832,0.0,0.0,0.0
1010,2950,215,2950,215,2,0.0,1.0,11.29114818572998,0.0,0.0,0.0
1011,361,1338,361,1338,2,0.0,1.0,-3.4508180618286133,0.0,0.0,0.0
1012,7496,77,7496,77,2,0.0,1.0,30.77300453186035,0.0,0.0,0.0
1013,2031,393,2031,393,2,0.0,1.0,2.414484977722168,0.0,0.0,0.0
1014,5763,117,5763,117,2,0.0,1.0,22.86686134338379,0.0,0.0,0.0
1015,1870,5126,1870,5126,2,0.0,1.0,-25.0140438079834,0.0,0.0,0.0
1016,27498,572,27498,572,0,0.0,1.0,106.70333099365234,0.0,0.0,0.0
1017,8071,525,8071,525,0,0.0,1.0,29.52569007873535,0.0,0.0,0.0
1018,128,18,128,18,2,0.0,1.0,-4.280577659606934,0.0,0.0,0.0
1019,5931,211,5931,211,2,0.0,1.0,22.41521644592285,0.0,0.0,0.0
1020,7448,503,7448,503,0,0.0,1.0,27.8033390045166,0.0,0.0,0.0
1021,7355,2701,7355,2701,2,0.0,1.0,-10.432896614074707,0.0,0.0,0.0
1022,7431,1004,7431,1004,0,0.0,1.0,20.4040470123291,0.0,0.0,0.0
1023,15293,67,15293,67,0,0.0,1.0,60.94753646850586,0.0,0.0,0.0
1024,106,1880,106,1880,2,0.0,1.0,4.412135124206543,0.0,0.0,0.0
1025,2931,233,2931,233,0,0.0,1.0,11.666010856628418,0.0,0.0,0.0
1026,9113,1843,9113,1843,2,0.0,1.0,9.129786491394043,0.0,0.0,0.0
1027,3262,205,3262,205,2,0.0,1.0,12.689723014831543,0.0,0.0,0.0
1028,18248,1114,18248,1114,2,0.0,1.0,66.7364730834961,0.0,0.0,0.0
1029,13413,5843,13413,5843,2,0.0,1.0,-14.491520881652832,0.0,0.0,0.0
1030,1817,724,1817,724,2,0.0,1.0,-2.2427797317504883,0.0,0.0,0.0
1031,6557,319,6557,319,0,0.0,1.0,24.970956802368164,0.0,0.0,0.0
1032,1186,1,1186,1,2,0.0,1.0,-10.07102108001709,0.0,0.0,0.0
1033,30891,1238,30891,1238,0,0.0,1.0,116.36653900146484,0.0,0.0,0.0
1034,616,342,616,342,2,0.0,1.0,-4.294116020202637,0.0,0.0,0.0
1035,11346,1058,11346,1058,2,0.0,1.0,39.284236907958984,0.0,0.0,0.0
1036,5039,5,5039,5,2,0.0,1.0,40.457027435302734,0.0,0.0,0.0
1037,2965,3,2965,3,2,0.0,1.0,17.909555435180664,0.0,0.0,0.0
1038,7732,2463,7732,2463,0,0.0,1.0,-5.9596757888793945,0.0,0.0,0.0
1039,2440,2810,2440,2810,2,0.0,1.0,-10.15856647491455,0.0,0.0,0.0
1040,9525,323,9525,323,1,0.0,1.0,36.370906829833984,0.0,0.0,0.0
1041,211,47,211,47,2,0.0,1.0,0.8005468249320984,0.0,0.0,0.0
1042,16818,345,16818,345,1,0.0,1.0,65.3453598022461,0.0,0.0,0.0
1043,12793,2399,12793,2399,0,0.0,1.0,16.674158096313477,0.0,0.0,0.0
1044,4741,24,4741,24,2,0.0,1.0,26.0812931060791,0.0,0.0,0.0
1045,5886,25,5886,25,2,0.0,1.0,53.60189437866211,0.0,0.0,0.0
1046,4255,508,4255,508,0,0.0,1.0,12.336390495300293,0.0,0.0,0.0
1047,3681,590,3681,590,0,0.0,1.0,7.568148612976074,0.0,0.0,0.0
1048,1218,28,1218,28,2,0.0,1.0,-9.1868896484375,0.0,0.0,0.0
1049,5987,903,5987,903,2,0.0,1.0,14.198939323425293,0.0,0.0,0.0
1050,13446,23,13446,23,2,0.0,1.0,163.86996459960938,0.0,0.0,0.0
1051,10531,79,10531,79,1,0.0,1.0,43.262081146240234,0.0,0.0,0.0
1052,1795,12418,1795,12418,2,0.0,1.0,11.136897087097168,0.0,0.0,0.0
1053,18338,1003,18338,1003,2,0.0,1.0,67.26705169677734,0.0,0.0,0.0
1054,6583,2664,6583,2664,0,0.0,1.0,-7.529423713684082,0.0,0.0,0.0
1055,7692,472,7692,472,0,0.0,1.0,28.8559513092041,0.0,0.0,0.0
1056,54279,1463,54279,1463,2,0.0,1.0,208.12765502929688,0.0,0.0,0.0
1057,19881,338,19881,338,1,0.0,1.0,78.8720932006836,0.0,0.0,0.0
1058,8676,480,8676,480,0,0.0,1.0,32.079097747802734,0.0,0.0,0.0
1059,9156,1407,9156,1407,2,0.0,1.0,19.97869300842285,0.0,0.0,0.0
1060,679,1,679,1,2,0.0,1.0,-2.4994993209838867,0.0,0.0,0.0
1061,7111,8,7111,8,2,0.0,1.0,45.2147331237793,0.0,0.0,0.0
1062,1590,1,1590,1,2,0.0,1.0,16.207616806030273,0.0,0.0,0.0
1063,124,1486,124,1486,2,0.0,1.0,3.2487173080444336,0.0,0.0,0.0
1064,16290,4622,16290,4622,0,0.0,1.0,-7.879918098449707,0.0,0.0,0.0
1065,3276,298,3276,298,2,0.0,1.0,11.999667167663574,0.0,0.0,0.0
1066,48861,320,48861,320,2,0.0,1.0,194.58419799804688,0.0,0.0,0.0
1067,12224,601,12224,601,0,0.0,1.0,45.325740814208984,0.0,0.0,0.0
1068,1057,390,1057,390,2,0.0,1.0,-1.4444360733032227,0.0,0.0,0.0
1069,28246,1071,28246,1071,0,0.0,1.0,107.10640716552734,0.0,0.0,0.0
1070,14304,202,14304,202,2,0.0,1.0,57.13405990600586,0.0,0.0,0.0
1071,15993,64,15993,64,1,0.0,1.0,65.2009506225586,0.0,0.0,0.0
1072,4291,5,4291,5,2,0.0,1.0,37.518062591552734,0.0,0.0,0.0
1073,3533,2778,3533,2778,2,0.0,1.0,-3.662686347961426,0.0,0.0,0.0
1074,2441,606,2441,606,0,0.0,1.0,-0.36343100666999817,0.0,0.0,0.0
1075,3103,661,3103,661,0,0.0,1.0,2.212031364440918,0.0,0.0,0.0
1076,2368,46,2368,46,2,0.0,1.0,-9.329899787902832,0.0,0.0,0.0
1077,1713,55,1713,55,0,0.0,1.0,19.124197006225586,0.0,0.0,0.0
1078,41075,29,41075,29,0,0.0,1.0,159.42684936523438,0.0,0.0,0.0
1079,2034,1,2034,1,2,0.0,1.0,25.801618576049805,0.0,0.0,0.0
1080,5462,24,5462,24,2,0.0,1.0,28.10593605041504,0.0,0.0,0.0
1081,27142,212,27142,212,2,0.0,1.0,108.23213958740234,0.0,0.0,0.0
1082,3159,390,3159,390,0,0.0,1.0,9.277270317077637,0.0,0.0,0.0
1083,15503,546,15503,546,2,0.0,1.0,58.98897933959961,0.0,0.0,0.0
1084,19466,76,19466,76,0,0.0,1.0,76.9398422241211,0.0,0.0,0.0
1085,977,1990,977,1990,2,0.0,1.0,-10.127591133117676,0.0,0.0,0.0
1086,3682,36,3682,36,2,0.0,1.0,15.84766674041748,0.0,0.0,0.0
1087,22317,1831,22317,1831,0,0.0,1.0,78.0309066772461,0.0,0.0,0.0
1088,12847,395,12847,395,2,0.0,1.0,49.088191986083984,0.0,0.0,0.0
1089,808,1382,808,1382,2,0.0,1.0,-7.122494697570801,0.0,0.0,0.0
1090,6915,2908,6915,2908,0,0.0,1.0,-7.4114274978637695,0.0,0.0,0.0
1091,1769,4,1769,4,0,0.0,1.0,-14.620657920837402,0.0,0.0,0.0
1092,578,154,578,154,0,0.0,1.0,-0.04905036836862564,0.0,0.0,0.0
1093,33080,1087,33080,1087,0,0.0,1.0,126.50460052490234,0.0,0.0,0.0
1094,1910,384,1910,384,0,0.0,1.0,3.317488670349121,0.0,0.0,0.0
1095,3789,1368,3789,1368,0,0.0,1.0,-5.078610420227051,0.0,0.0,0.0
1096,2355,144,2355,144,2,0.0,1.0,10.7299222946167,0.0,0.0,0.0
1097,778,649,778,649,2,0.0,1.0,-1.3912076950073242,0.0,0.0,0.0
1098,2061,10,2061,10,0,0.0,1.0,23.67778205871582,0.0,0.0,0.0
1099,8499,2516,8499,2516,0,0.0,1.0,-4.336918830871582,0.0,0.0,0.0
1100,6926,3236,6926,3236,2,0.0,1.0,-8.027104377746582,0.0,0.0,0.0
1101,5330,50,5330,50,0,0.0,1.0,-48.59143829345703,0.0,0.0,0.0
1102,2493,7,2493,7,0,0.0,1.0,16.20307731628418,0.0,0.0,0.0
1103,9968,2188,9968,2188,0,0.0,1.0,5.251734733581543,0.0,0.0,0.0
1104,2021,37,2021,37,2,0.0,1.0,9.757922172546387,0.0,0.0,0.0
1105,739,1085,739,1085,2,0.0,1.0,-5.182572364807129,0.0,0.0,0.0
1106,8858,4,8858,4,2,0.0,1.0,49.828487396240234,0.0,0.0,0.0
1107,71329,6,71329,6,0,0.0,1.0,304.5087585449219,0.0,0.0,0.0
1108,572,1,572,1,0,0.0,1.0,-41.11183547973633,0.0,0.0,0.0
1109,5748,255,5748,255,2,0.0,1.0,21.9995059967041,0.0,0.0,0.0
1110,10216,755,10216,755,0,0.0,1.0,36.14986801147461,0.0,0.0,0.0
1111,6291,1249,6291,1249,0,0.0,1.0,6.9577131271362305,0.0,0.0,0.0
1112,10716,3001,10716,3001,2,0.0,1.0,-4.218297004699707,0.0,0.0,0.0
1113,4840,1540,4840,1540,2,0.0,1.0,-3.4050493240356445,0.0,0.0,0.0
1114,8217,525,8217,525,0,0.0,1.0,31.80474281311035,0.0,0.0,0.0
1115,2909,16,2909,16,2,0.0,1.0,17.62041664123535,0.0,0.0,0.0
1116,1255,252,1255,252,0,0.0,1.0,1.4911832809448242,0.0,0.0,0.0
1117,8600,94,8600,94,2,0.0,1.0,59.57552719116211,0.0,0.0,0.0
1118,3527,1205,3527,1205,2,0.0,1.0,-3.8523988723754883,0.0,0.0,0.0
1119,1323,3,1323,3,0,0.0,1.0,5.165312767028809,0.0,0.0,0.0
1120,1653,2718,1653,2718,2,0.0,1.0,-13.457829475402832,0.0,0.0,0.0
1121,11365,474,11365,474,2,0.0,1.0,44.163265228271484,0.0,0.0,0.0
1122,3261,1871,3261,1871,2,0.0,1.0,-18.708959579467773,0.0,0.0,0.0
1123,4248,1867,4248,1867,2,0.0,1.0,-4.278538703918457,0.0,0.0,0.0
1124,9788,19,9788,19,0,0.0,1.0,95.9732894897461,0.0,0.0,0.0
1125,39146,2085,39146,2085,0,0.0,1.0,143.12997436523438,0.0,0.0,0.0
1126,1251,47,1251,47,0,0.0,1.0,4.773699760437012,0.0,0.0,0.0
1127,8446,1938,8446,1938,2,0.0,1.0,2.402400016784668,0.0,0.0,0.0
1128,2609,23,2609,23,2,0.0,1.0,11.941637992858887,0.0,0.0,0.0
1129,8831,996,8831,996,2,0.0,1.0,27.14446449279785,0.0,0.0,0.0
1130,103,20,103,20,2,0.0,1.0,-22.676748275756836,0.0,0.0,0.0
1131,1200,14,1200,14,2,0.0,1.0,-16.93433952331543,0.0,0.0,0.0
1132,17150,541,17150,541,2,0.0,1.0,65.21065521240234,0.0,0.0,0.0
1133,18675,944,18675,944,0,0.0,1.0,69.2260971069336,0.0,0.0,0.0
1134,404,931,404,931,2,0.0,1.0,-5.398194313049316,0.0,0.0,0.0
1135,1239,245,1239,245,2,0.0,1.0,1.949183464050293,0.0,0.0,0.0
1136,25023,8,25023,8,0,0.0,1.0,107.71895599365234,0.0,0.0,0.0
1137,875,842,875,842,2,0.0,1.0,-3.5825414657592773,0.0,0.0,0.0
1138,2679,712,2679,712,0,0.0,1.0,-0.5369768738746643,0.0,0.0,0.0
1139,36863,798,36863,798,0,0.0,1.0,143.37887573242188,0.0,0.0,0.0
1140,2231,1552,2231,1552,2,0.0,1.0,-10.173169136047363,0.0,0.0,0.0
1141,13352,270,13352,270,2,0.0,1.0,52.57979965209961,0.0,0.0,0.0
1142,4500,115,4500,115,2,0.0,1.0,17.352121353149414,0.0,0.0,0.0
1143,19328,759,19328,759,0,0.0,1.0,72.71321868896484,0.0,0.0,0.0
1144,3980,37,3980,37,2,0.0,1.0,24.257822036743164,0.0,0.0,0.0
1145,17311,28,17311,28,0,0.0,1.0,69.89693450927734,0.0,0.0,0.0
1146,5692,3740,5692,3740,2,0.0,1.0,-31.373281478881836,0.0,0.0,0.0
1147,15189,1476,15189,1476,2,0.0,1.0,51.03066635131836,0.0,0.0,0.0
1148,1406,338,1406,338,2,0.0,1.0,0.5706395506858826,0.0,0.0,0.0
1149,10830,7,10830,7,2,0.0,1.0,72.08528900146484,0.0,0.0,0.0
1150,4242,18,4242,18,0,0.0,1.0,1.6112470626831055,0.0,0.0,0.0
1151,7513,1093,7513,1093,0,0.0,1.0,17.8243350982666,0.0,0.0,0.0
1152,1672,292,1672,292,0,0.0,1.0,2.99741268157959,0.0,0.0,0.0
1153,14115,280,14115,280,2,0.0,1.0,54.84609603881836,0.0,0.0,0.0
1154,9393,5,9393,5,0,0.0,1.0,38.87954330444336,0.0,0.0,0.0
1155,14498,2630,14498,2630,0,0.0,1.0,22.028833389282227,0.0,0.0,0.0
1156,9179,1595,9179,1595,0,0.0,1.0,15.677332878112793,0.0,0.0,0.0
1157,1381,10,1381,10,2,0.0,1.0,-11.765575408935547,0.0,0.0,0.0
1158,3173,5,3173,5,2,0.0,1.0,30.136919021606445,0.0,0.0,0.0
1159,25562,74,25562,74,2,0.0,1.0,100.59993743896484,0.0,0.0,0.0
1160,550,12,550,12,2,0.0,1.0,3.7970457077026367,0.0,0.0,0.0
1161,4807,4182,4807,4182,2,0.0,1.0,-8.99113941192627,0.0,0.0,0.0
1162,12837,1641,12837,1641,2,0.0,1.0,35.526241302490234,0.0,0.0,0.0
1163,3185,3,3185,3,2,0.0,1.0,15.148674964904785,0.0,0.0,0.0
1164,1929,3481,1929,3481,2,0.0,1.0,-17.87843894958496,0.0,0.0,0.0
1165,750,5060,750,5060,2,0.0,1.0,4.521815299987793,0.0,0.0,0.0
1166,8652,871,8652,871,2,0.0,1.0,28.6801700592041,0.0,0.0,0.0
1167,9334,2395,9334,2395,0,0.0,1.0,-3.280034065246582,0.0,0.0,0.0
1168,6392,145,6392,145,1,0.0,1.0,24.81182289123535,0.0,0.0,0.0
1169,5284,451,5284,451,0,0.0,1.0,18.750391006469727,0.0,0.0,0.0
1170,2926,2067,2926,2067,2,0.0,1.0,-11.873600959777832,0.0,0.0,0.0
1171,15320,1766,15320,1766,2,0.0,1.0,45.12301254272461,0.0,0.0,0.0
1172,4918,37,4918,37,2,0.0,1.0,37.35017013549805,0.0,0.0,0.0
1173,23870,1486,23870,1486,0,0.0,1.0,86.04122161865234,0.0,0.0,0.0
1174,18393,1694,18393,1694,2,0.0,1.0,64.34358978271484,0.0,0.0,0.0
1175,887,3613,887,3613,2,0.0,1.0,-5.739933967590332,0.0,0.0,0.0
1176,6180,17,6180,17,2,0.0,1.0,63.6617317199707,0.0,0.0,0.0
1177,3336,4433,3336,4433,2,0.0,1.0,-16.425039291381836,0.0,0.0,0.0
1178,12284,1006,12284,1006,2,0.0,1.0,43.67141342163086,0.0,0.0,0.0
1179,15700,4,15700,4,2,0.0,1.0,129.93130493164062,0.0,0.0,0.0
1180,377,1,377,1,0,0.0,1.0,-32.426456451416016,0.0,0.0,0.0
1181,28222,9,28222,9,1,0.0,1.0,140.43020629882812,0.0,0.0,0.0
1182,1613,2556,1613,2556,2,0.0,1.0,-12.60411548614502,0.0,0.0,0.0
1183,130,29,130,29,0,0.0,1.0,-21.63100242614746,0.0,0.0,0.0
1184,17657,7,17657,7,0,0.0,1.0,72.74044036865234,0.0,0.0,0.0
1185,1088,85,1088,85,2,0.0,1.0,6.923251152038574,0.0,0.0,0.0
1186,18290,1416,18290,1416,0,0.0,1.0,64.68428802490234,0.0,0.0,0.0
1187,217,20,217,20,0,0.0,1.0,-43.137088775634766,0.0,0.0,0.0
1188,5010,1042,5010,1042,0,0.0,1.0,4.645167350769043,0.0,0.0,0.0
1189,2435,7,2435,7,2,0.0,1.0,14.53827953338623,0.0,0.0,0.0
1190,576,5,576,5,0,0.0,1.0,-5.009015083312988,0.0,0.0,0.0
1191,6705,17,6705,17,2,0.0,1.0,46.21702194213867,0.0,0.0,0.0
1192,66474,7,66474,7,0,0.0,1.0,279.9975280761719,0.0,0.0,0.0
1193,10518,837,10518,837,0,0.0,1.0,38.232051849365234,0.0,0.0,0.0
1194,15140,36,15140,36,2,0.0,1.0,66.20186614990234,0.0,0.0,0.0
1195,16661,471,16661,471,2,0.0,1.0,64.9010238647461,0.0,0.0,0.0
1196,1190,152,1190,152,2,0.0,1.0,3.416205406188965,0.0,0.0,0.0
1197,40543,43,40543,43,2,0.0,1.0,172.51486206054688,0.0,0.0,0.0
1198,120,10,120,10,2,0.0,1.0,-37.017765045166016,0.0,0.0,0.0
1199,3094,849,3094,849,0,0.0,1.0,-0.32781699299812317,0.0,0.0,0.0
1200,12897,2,12897,2,2,0.0,1.0,66.19786834716797,0.0,0.0,0.0
1201,27408,16,27408,16,2,0.0,1.0,133.09567260742188,0.0,0.0,0.0
1202,6993,154,6993,154,2,0.0,1.0,27.2286319732666,0.0,0.0,0.0
1203,5307,374,5307,374,0,0.0,1.0,19.421823501586914,0.0,0.0,0.0
1204,3391,1,3391,1,2,0.0,1.0,22.627992630004883,0.0,0.0,0.0
1205,2137,26,2137,26,2,0.0,1.0,19.415048599243164,0.0,0.0,0.0
1206,6242,2406,6242,2406,0,0.0,1.0,-8.286168098449707,0.0,0.0,0.0
1207,6186,760,6186,760,0,0.0,1.0,17.670114517211914,0.0,0.0,0.0
1208,8765,55,8765,55,2,0.0,1.0,58.077816009521484,0.0,0.0,0.0
1209,3100,9,3100,9,2,0.0,1.0,-2.6697816848754883,0.0,0.0,0.0
1210,9728,1512,9728,1512,0,0.0,1.0,20.35442543029785,0.0,0.0,0.0
1211,12905,1722,12905,1722,0,0.0,1.0,33.279232025146484,0.0,0.0,0.0
1212,2569,2299,2569,2299,2,0.0,1.0,-5.794430732727051,0.0,0.0,0.0
1213,39353,7,39353,7,1,0.0,1.0,172.12155151367188,0.0,0.0,0.0
1214,3008,6,3008,6,2,0.0,1.0,25.124650955200195,0.0,0.0,0.0
1215,2331,1013,2331,1013,2,0.0,1.0,-1.5383539199829102,0.0,0.0,0.0
1216,10221,5428,10221,5428,2,0.0,1.0,-35.38644790649414,0.0,0.0,0.0
1217,3847,3804,3847,3804,2,0.0,1.0,-13.14812183380127,0.0,0.0,0.0
1218,4015,1,4015,1,2,0.0,1.0,-34.14320373535156,0.0,0.0,0.0
1219,26295,32,26295,32,1,0.0,1.0,124.7136459350586,0.0,0.0,0.0
1220,33575,35,33575,35,0,0.0,1.0,130.83407592773438,0.0,0.0,0.0
1221,9955,11,9955,11,0,0.0,1.0,91.06810760498047,0.0,0.0,0.0
1222,8568,37,8568,37,1,0.0,1.0,39.54757308959961,0.0,0.0,0.0
1223,13321,2202,13321,2202,0,0.0,1.0,24.590356826782227,0.0,0.0,0.0
1224,6243,1512,6243,1512,0,0.0,1.0,-0.13513663411140442,0.0,0.0,0.0
1225,7195,404,7195,404,0,0.0,1.0,26.501001358032227,0.0,0.0,0.0
1226,11899,4,11899,4,0,0.0,1.0,69.86046600341797,0.0,0.0,0.0
1227,4968,422,4968,422,0,0.0,1.0,17.2568302154541,0.0,0.0,0.0
1228,8796,2886,8796,2886,0,0.0,1.0,-8.243382453918457,0.0,0.0,0.0
1229,13884,103,13884,103,1,0.0,1.0,56.48812484741211,0.0,0.0,0.0
1230,19926,2286,19926,2286,2,0.0,1.0,59.63186264038086,0.0,0.0,0.0
1231,1703,44,1703,44,0,0.0,1.0,-16.115123748779297,0.0,0.0,0.0
1232,6349,315,6349,315,0,0.0,1.0,23.422143936157227,0.0,0.0,0.0
1233,10187,1339,10187,1339,0,0.0,1.0,28.724023818969727,0.0,0.0,0.0
1234,677,2204,677,2204,2,0.0,1.0,-7.032361030578613,0.0,0.0,0.0
1235,2017,26,2017,26,2,0.0,1.0,10.585711479187012,0.0,0.0,0.0
1236,9496,25,9496,25,2,0.0,1.0,71.2887191772461,0.0,0.0,0.0
1237,9694,320,9694,320,1,0.0,1.0,38.059078216552734,0.0,0.0,0.0
1238,71674,5,71674,5,0,0.0,1.0,325.7782897949219,0.0,0.0,0.0
1239,7672,48,7672,48,0,0.0,1.0,85.06169891357422,0.0,0.0,0.0
1240,1418,4595,1418,4595,2,0.0,1.0,-15.869664192199707,0.0,0.0,0.0
1241,564,38,564,38,2,0.0,1.0,4.305088996887207,0.0,0.0,0.0
1242,5036,1230,5036,1230,2,0.0,1.0,-0.020161665976047516,0.0,0.0,0.0
1243,10526,65,10526,65,1,0.0,1.0,65.09355926513672,0.0,0.0,0.0
1244,10175,1164,10175,1164,0,0.0,1.0,30.199060440063477,0.0,0.0,0.0
1245,12746,570,12746,570,2,0.0,1.0,47.54757308959961,0.0,0.0,0.0
1246,6284,21,6284,21,2,0.0,1.0,44.1749382019043,0.0,0.0,0.0
1247,219,2,219,2,2,0.0,1.0,-32.68716812133789,0.0,0.0,0.0
1248,40086,902,40086,902,2,0.0,1.0,156.16146850585938,0.0,0.0,0.0
1249,12432,649,12432,649,2,0.0,1.0,45.761531829833984,0.0,0.0,0.0
1250,1605,11,1605,11,0,0.0,1.0,12.777714729309082,0.0,0.0,0.0
1251,1389,36,1389,36,2,0.0,1.0,6.713772773742676,0.0,0.0,0.0
1252,4270,1,4270,1,2,0.0,1.0,18.161046981811523,0.0,0.0,0.0
1253,1456,180,1456,180,0,0.0,1.0,4.2272748947143555,0.0,0.0,0.0
1254,6922,1159,6922,1159,0,0.0,1.0,12.55182933807373,0.0,0.0,0.0
1255,2348,4,2348,4,1,0.0,1.0,27.66036033630371,0.0,0.0,0.0
1256,1457,1820,1457,1820,2,0.0,1.0,-6.573468208312988,0.0,0.0,0.0
1257,5280,4963,5280,4963,2,0.0,1.0,-14.59770679473877,0.0,0.0,0.0
1258,9400,294,9400,294,2,0.0,1.0,37.034664154052734,0.0,0.0,0.0
1259,4684,1772,4684,1772,2,0.0,1.0,-6.3536272048950195,0.0,0.0,0.0
1260,3484,7,3484,7,2,0.0,1.0,22.76751136779785,0.0,0.0,0.0
1261,9786,1899,9786,1899,0,0.0,1.0,13.213770866394043,0.0,0.0,0.0
1262,11368,33,11368,33,1,0.0,1.0,53.901058197021484,0.0,0.0,0.0
1263,4975,22,4975,22,0,0.0,1.0,45.23469161987305,0.0,0.0,0.0
1264,2012,30,2012,30,2,0.0,1.0,-19.16779136657715,0.0,0.0,0.0
1265,2007,5205,2007,5205,2,0.0,1.0,-26.15694236755371,0.0,0.0,0.0
1266,1141,53,1141,53,2,0.0,1.0,6.471428871154785,0.0,0.0,0.0
1267,3104,9,3104,9,2,0.0,1.0,22.463106155395508,0.0,0.0,0.0
1268,25560,1877,25560,1877,0,0.0,1.0,92.0251693725586,0.0,0.0,0.0
1269,5475,381,5475,381,0,0.0,1.0,19.750436782836914,0.0,0.0,0.0
1270,2659,22,2659,22,2,0.0,1.0,-13.5557222366333,0.0,0.0,0.0
1271,1462,11,1462,11,2,0.0,1.0,6.394904136657715,0.0,0.0,0.0
1272,2814,7,2814,7,2,0.0,1.0,13.138773918151855,0.0,0.0,0.0
1273,5875,1,5875,1,0,0.0,1.0,54.196834564208984,0.0,0.0,0.0
1274,8679,418,8679,418,0,0.0,1.0,33.43795394897461,0.0,0.0,0.0
1275,161,66,161,66,0,0.0,1.0,-8.89777660369873,0.0,0.0,0.0
1276,6395,2834,6395,2834,2,0.0,1.0,-6.562565803527832,0.0,0.0,0.0
1277,12323,7021,12323,7021,2,0.0,1.0,-59.547977447509766,0.0,0.0,0.0
1278,125,5,125,5,2,0.0,1.0,-8.2041015625,0.0,0.0,0.0
1279,4759,4,4759,4,2,0.0,1.0,53.94624710083008,0.0,0.0,0.0
1280,43282,4,43282,4,2,0.0,1.0,197.78610229492188,0.0,0.0,0.0
1281,4661,2727,4661,2727,2,0.0,1.0,-25.935903549194336,0.0,0.0,0.0
1282,4662,1,4662,1,2,0.0,1.0,38.93685531616211,0.0,0.0,0.0
1283,525,14,525,14,0,0.0,1.0,-0.9714060425758362,0.0,0.0,0.0
1284,2662,12,2662,12,2,0.0,1.0,14.779467582702637,0.0,0.0,0.0
1285,40817,3551,40817,3551,0,0.0,1.0,141.54025268554688,0.0,0.0,0.0
1286,633,4306,633,4306,2,0.0,1.0,2.715388298034668,0.0,0.0,0.0
1287,3922,1613,3922,1613,0,0.0,1.0,-3.7275896072387695,0.0,0.0,0.0
1288,3491,612,3491,612,0,0.0,1.0,7.5618085861206055,0.0,0.0,0.0
1289,37087,18,37087,18,1,0.0,1.0,209.59628295898438,0.0,0.0,0.0
1290,1965,1686,1965,1686,2,0.0,1.0,-3.4445085525512695,0.0,0.0,0.0
1291,2055,28,2055,28,0,0.0,1.0,-18.965730667114258,0.0,0.0,0.0
1292,2158,26,2158,26,2,0.0,1.0,19.53904914855957,0.0,0.0,0.0
1293,18237,3945,18237,3945,0,0.0,1.0,11.165431022644043,0.0,0.0,0.0
1294,7960,35,7960,35,2,0.0,1.0,59.94442367553711,0.0,0.0,0.0
1295,11159,405,11159,405,1,0.0,1.0,43.33211898803711,0.0,0.0,0.0
1296,2084,57,2084,57,0,0.0,1.0,-17.9866886138916,0.0,0.0,0.0
1297,4037,2,4037,2,0,0.0,1.0,45.871700286865234,0.0,0.0,0.0
1298,9814,128,9814,128,0,0.0,1.0,39.22103500366211,0.0,0.0,0.0
1299,635,15,635,15,2,0.0,1.0,5.054823875427246,0.0,0.0,0.0
1300,3693,45,3693,45,2,0.0,1.0,16.6525821685791,0.0,0.0,0.0
1301,2788,42,2788,42,0,0.0,1.0,22.820375442504883,0.0,0.0,0.0
1302,20443,2043,20443,2043,2,0.0,1.0,67.1650619506836,0.0,0.0,0.0
1303,4312,2257,4312,2257,2,0.0,1.0,-16.723318099975586,0.0,0.0,0.0
1304,3369,368,3369,368,2,0.0,1.0,12.120692253112793,0.0,0.0,0.0
1305,12941,1541,12941,1541,0,0.0,1.0,38.011226654052734,0.0,0.0,0.0
1306,5410,1,5410,1,2,0.0,1.0,33.839900970458984,0.0,0.0,0.0
1307,16489,9,16489,9,2,0.0,1.0,127.06124114990234,0.0,0.0,0.0
1308,13981,2,13981,2,2,0.0,1.0,74.94976043701172,0.0,0.0,0.0
1309,2130,13,2130,13,0,0.0,1.0,2.5358381271362305,0.0,0.0,0.0
1310,1632,15,1632,15,2,0.0,1.0,14.127787590026855,0.0,0.0,0.0
1311,3240,52,3240,52,2,0.0,1.0,39.0178108215332,0.0,0.0,0.0
1312,2842,2881,2842,2881,2,0.0,1.0,-11.269009590148926,0.0,0.0,0.0
1313,7869,21,7869,21,2,0.0,1.0,48.107051849365234,0.0,0.0,0.0
1314,19920,209,19920,209,2,0.0,1.0,78.95882415771484,0.0,0.0,0.0
1315,1919,17,1919,17,2,0.0,1.0,14.645194053649902,0.0,0.0,0.0
1316,4004,39,4004,39,0,0.0,1.0,38.58541488647461,0.0,0.0,0.0
1317,4021,26,4021,26,2,0.0,1.0,17.06316566467285,0.0,0.0,0.0
1318,1736,58,1736,58,2,0.0,1.0,14.835612297058105,0.0,0.0,0.0
1319,6935,7,6935,7,2,0.0,1.0,29.06060218811035,0.0,0.0,0.0
1320,45835,19,45835,19,0,0.0,1.0,188.42892456054688,0.0,0.0,0.0
1321,13293,1,13293,1,1,0.0,1.0,58.32436752319336,0.0,0.0,0.0
1322,3706,1329,3706,1329,0,0.0,1.0,-5.030865669250488,0.0,0.0,0.0
1323,7679,11,7679,11,2,0.0,1.0,51.77163314819336,0.0,0.0,0.0
1324,27218,1314,27218,1314,0,0.0,1.0,101.6933822631836,0.0,0.0,0.0
1325,2230,6,2230,6,0,0.0,1.0,25.284582138061523,0.0,0.0,0.0
1326,375,16,375,16,2,0.0,1.0,-20.210933685302734,0.0,0.0,0.0
1327,3533,1325,3533,1325,0,0.0,1.0,-3.799168586730957,0.0,0.0,0.0
1328,4290,15,4290,15,0,0.0,1.0,42.17397689819336,0.0,0.0,0.0
1329,2858,893,2858,893,0,0.0,1.0,-1.8924531936645508,0.0,0.0,0.0
1330,19006,6,19006,6,0,0.0,1.0,102.9389877319336,0.0,0.0,0.0
1331,13451,1272,13451,1272,2,0.0,1.0,45.195796966552734,0.0,0.0,0.0
1332,1131,58,1131,58,2,0.0,1.0,9.377167701721191,0.0,0.0,0.0
1333,21281,101,21281,101,2,0.0,1.0,87.26607513427734,0.0,0.0,0.0
1334,10568,671,10568,671,0,0.0,1.0,38.297969818115234,0.0,0.0,0.0
1335,4592,1675,4592,1675,2,0.0,1.0,-6.604405403137207,0.0,0.0,0.0
1336,1458,177,1458,177,0,0.0,1.0,4.344588279724121,0.0,0.0,0.0
1337,1688,5,1688,5,2,0.0,1.0,-9.49425983428955,0.0,0.0,0.0
1338,2704,15,2704,15,2,0.0,1.0,-25.1304931640625,0.0,0.0,0.0
1339,2441,3,2441,3,2,0.0,1.0,-18.10978126525879,0.0,0.0,0.0
1340,20158,1,20158,1,1,0.0,1.0,84.8154525756836,0.0,0.0,0.0
1341,9803,74,9803,74,0,0.0,1.0,102.96019744873047,0.0,0.0,0.0
1342,2797,3,2797,3,0,0.0,1.0,17.592103958129883,0.0,0.0,0.0
1343,1624,678,1624,678,2,0.0,1.0,-1.5339555740356445,0.0,0.0,0.0
1344,777,1,777,1,2,0.0,1.0,7.470834732055664,0.0,0.0,0.0
1345,16,16,16,16,2,0.0,1.0,-3.45499324798584,0.0,0.0,0.0
1346,2234,55,2234,55,2,0.0,1.0,0.7312268614768982,0.0,0.0,0.0
1347,26627,58,26627,58,0,0.0,1.0,108.5360336303711,0.0,0.0,0.0
1348,3940,62,3940,62,2,0.0,1.0,15.808600425720215,0.0,0.0,0.0
1349,1031,1023,1031,1023,2,0.0,1.0,-4.593270301818848,0.0,0.0,0.0
1350,1059,10,1059,10,0,0.0,1.0,12.592265129089355,0.0,0.0,0.0
1351,11855,442,11855,442,2,0.0,1.0,45.194576263427734,0.0,0.0,0.0
1352,44716,11,44716,11,2,0.0,1.0,212.18783569335938,0.0,0.0,0.0
1353,7591,2396,7591,2396,2,0.0,1.0,-5.133702278137207,0.0,0.0,0.0
1354,29475,110,29475,110,0,0.0,1.0,157.70565795898438,0.0,0.0,0.0
1355,2064,29,2064,29,2,0.0,1.0,21.103525161743164,0.0,0.0,0.0
1356,10781,3418,10781,3418,0,0.0,1.0,-7.724095344543457,0.0,0.0,0.0
1357,4314,49,4314,49,2,0.0,1.0,-6.5852861404418945,0.0,0.0,0.0
1358,12146,6435,12146,6435,2,0.0,1.0,-41.007266998291016,0.0,0.0,0.0
1359,9753,228,9753,228,2,0.0,1.0,38.209163665771484,0.0,0.0,0.0
1360,1676,1,1676,1,2,0.0,1.0,16.18457794189453,0.0,0.0,0.0
1361,2201,34,2201,34,0,0.0,1.0,-1.7636957168579102,0.0,0.0,0.0
1362,19682,23,19682,23,2,0.0,1.0,103.4685287475586,0.0,0.0,0.0
1363,407,37,407,37,2,0.0,1.0,-3.262038230895996,0.0,0.0,0.0
1364,691,47,691,47,2,0.0,1.0,3.2026796340942383,0.0,0.0,0.0
1365,912,1,912,1,2,0.0,1.0,-20.390493392944336,0.0,0.0,0.0
1366,1360,23,1360,23,2,0.0,1.0,5.387404441833496,0.0,0.0,0.0
1367,576,18,576,18,2,0.0,1.0,3.114382743835449,0.0,0.0,0.0
1368,13919,51,13919,51,2,0.0,1.0,71.70122528076172,0.0,0.0,0.0
1369,30301,48,30301,48,1,0.0,1.0,144.60177612304688,0.0,0.0,0.0
1370,165,4,165,4,0,0.0,1.0,-18.940507888793945,0.0,0.0,0.0
1371,2372,1812,2372,1812,2,0.0,1.0,-4.5078325271606445,0.0,0.0,0.0
1372,4755,10,4755,10,0,0.0,1.0,39.580867767333984,0.0,0.0,0.0
1373,663,42,663,42,2,0.0,1.0,-9.837864875793457,0.0,0.0,0.0
1374,13655,1025,13655,1025,0,0.0,1.0,48.756587982177734,0.0,0.0,0.0
1375,9603,462,9603,462,0,0.0,1.0,35.507869720458984,0.0,0.0,0.0
1376,2571,15,2571,15,0,0.0,1.0,-22.519786834716797,0.0,0.0,0.0
1377,5504,9,5504,9,2,0.0,1.0,64.81766510009766,0.0,0.0,0.0
1378,16077,13,16077,13,1,0.0,1.0,92.05062103271484,0.0,0.0,0.0
1379,9156,13,9156,13,0,0.0,1.0,96.21070098876953,0.0,0.0,0.0
1380,22978,15,22978,15,2,0.0,1.0,113.20296478271484,0.0,0.0,0.0
1381,7795,862,7795,862,0,0.0,1.0,23.977075576782227,0.0,0.0,0.0
1382,27217,3,27217,3,1,0.0,1.0,131.43606567382812,0.0,0.0,0.0
1383,8244,5,8244,5,0,0.0,1.0,63.088619232177734,0.0,0.0,0.0
1384,3871,2550,3871,2550,2,0.0,1.0,-21.37471580505371,0.0,0.0,0.0
1385,7310,594,7310,594,0,0.0,1.0,25.89934730529785,0.0,0.0,0.0
1386,1979,32,1979,32,0,0.0,1.0,16.0457820892334,0.0,0.0,0.0
1387,23096,15,23096,15,0,0.0,1.0,92.56673431396484,0.0,0.0,0.0
1388,1761,458,1761,458,0,0.0,1.0,0.7569417357444763,0.0,0.0,0.0
1389,382,281,382,281,2,0.0,1.0,-0.968081533908844,0.0,0.0,0.0
1390,780,17,780,17,0,0.0,1.0,8.012054443359375,0.0,0.0,0.0
1391,11477,2251,11477,2251,0,0.0,1.0,12.837061882019043,0.0,0.0,0.0
1392,5259,39,5259,39,2,0.0,1.0,45.0268669128418,0.0,0.0,0.0
1393,6735,16,6735,16,2,0.0,1.0,45.55025863647461,0.0,0.0,0.0
1394,21938,400,21938,400,2,0.0,1.0,86.4111557006836,0.0,0.0,0.0
1395,2021,32,2021,32,2,0.0,1.0,-19.251787185668945,0.0,0.0,0.0
1396,1535,21,1535,21,2,0.0,1.0,5.828936576843262,0.0,0.0,0.0
1397,2178,44,2178,44,2,0.0,1.0,-13.547345161437988,0.0,0.0,0.0
1398,8189,303,8189,303,2,0.0,1.0,33.174617767333984,0.0,0.0,0.0
1399,908,55,908,55,0,0.0,1.0,3.3533506393432617,0.0,0.0,0.0
1400,11113,164,11113,164,0,0.0,1.0,43.613704681396484,0.0,0.0,0.0
1401,8331,10,8331,10,0,0.0,1.0,84.7257308959961,0.0,0.0,0.0
1402,20111,16,20111,16,2,0.0,1.0,122.32186126708984,0.0,0.0,0.0
1403,2706,2,2706,2,0,0.0,1.0,-23.663007736206055,0.0,0.0,0.0
1404,522,6239,522,6239,2,0.0,1.0,14.531245231628418,0.0,0.0,0.0
1405,5009,1154,5009,1154,0,0.0,1.0,1.4021406173706055,0.0,0.0,0.0
1406,6735,15,6735,15,0,0.0,1.0,78.5743637084961,0.0,0.0,0.0
1407,36,1,36,1,2,0.0,1.0,-1.236112356185913,0.0,0.0,0.0
1408,5492,3250,5492,3250,2,0.0,1.0,-31.71211814880371,0.0,0.0,0.0
1409,2791,14,2791,14,2,0.0,1.0,14.39380168914795,0.0,0.0,0.0
1410,4358,440,4358,440,1,0.0,1.0,14.15015697479248,0.0,0.0,0.0
1411,31709,1324,31709,1324,0,0.0,1.0,123.47274017333984,0.0,0.0,0.0
1412,2056,194,2056,194,2,0.0,1.0,8.038348197937012,0.0,0.0,0.0
1413,71439,1,71439,1,0,0.0,1.0,297.8185729980469,0.0,0.0,0.0
1414,4338,85,4338,85,2,0.0,1.0,40.70711898803711,0.0,0.0,0.0
1415,2280,8,2280,8,0,0.0,1.0,23.596364974975586,0.0,0.0,0.0
1416,5549,1506,5549,1506,0,0.0,1.0,-1.4284868240356445,0.0,0.0,0.0
1417,14886,3360,14886,3360,0,0.0,1.0,6.041438102722168,0.0,0.0,0.0
1418,13504,474,13504,474,0,0.0,1.0,51.88381576538086,0.0,0.0,0.0
1419,212,15,212,15,0,0.0,1.0,-15.07351016998291,0.0,0.0,0.0
1420,10480,2426,10480,2426,0,0.0,1.0,2.844538688659668,0.0,0.0,0.0
1421,448,11,448,11,2,0.0,1.0,-0.9233375191688538,0.0,0.0,0.0
1422,490,2,490,2,0,0.0,1.0,1.592585563659668,0.0,0.0,0.0
1423,13552,33,13552,33,1,0.0,1.0,56.174800872802734,0.0,0.0,0.0
1424,3303,53,3303,53,2,0.0,1.0,33.136024475097656,0.0,0.0,0.0
1425,3006,2,3006,2,2,0.0,1.0,24.85459327697754,0.0,0.0,0.0
1426,3294,107,3294,107,0,0.0,1.0,26.839197158813477,0.0,0.0,0.0
1427,1612,10,1612,10,2,0.0,1.0,16.356430053710938,0.0,0.0,0.0
1428,1814,18,1814,18,2,0.0,1.0,14.20781421661377,0.0,0.0,0.0
1429,12869,45,12869,45,1,0.0,1.0,62.97127914428711,0.0,0.0,0.0
1430,4493,51,4493,51,2,0.0,1.0,18.143747329711914,0.0,0.0,0.0
1431,6557,1023,6557,1023,2,0.0,1.0,15.743266105651855,0.0,0.0,0.0
1432,31089,1409,31089,1409,2,0.0,1.0,116.06795501708984,0.0,0.0,0.0
1433,245,5,245,5,2,0.0,1.0,-19.463289260864258,0.0,0.0,0.0
1434,18028,7345,18028,7345,0,0.0,1.0,-20.902257919311523,0.0,0.0,0.0
1435,14350,1440,14350,1440,2,0.0,1.0,48.22304916381836,0.0,0.0,0.0
1436,7825,1,7825,1,0,0.0,1.0,39.777950286865234,0.0,0.0,0.0
1437,338,54,338,54,2,0.0,1.0,-15.327195167541504,0.0,0.0,0.0
1438,17500,82,17500,82,2,0.0,1.0,214.23553466796875,0.0,0.0,0.0
1439,6798,85,6798,85,2,0.0,1.0,52.48299789428711,0.0,0.0,0.0
1440,16591,2323,16591,2323,1,0.0,1.0,40.74843978881836,0.0,0.0,0.0
1441,1290,6,1290,6,0,0.0,1.0,15.06251049041748,0.0,0.0,0.0
1442,22808,4,22808,4,0,0.0,1.0,109.2289047241211,0.0,0.0,0.0
1443,809,2,809,2,2,0.0,1.0,5.549311637878418,0.0,0.0,0.0
1444,1528,9,1528,9,0,0.0,1.0,11.483683586120605,0.0,0.0,0.0
1445,887,14,887,14,2,0.0,1.0,-63.0434684753418,0.0,0.0,0.0
1446,1055,3,1055,3,0,0.0,1.0,-8.50207233428955,0.0,0.0,0.0
1447,3025,3300,3025,3300,2,0.0,1.0,-12.33861255645752,0.0,0.0,0.0
1448,9413,155,9413,155,2,0.0,1.0,36.93148422241211,0.0,0.0,0.0
1449,600,7,600,7,0,0.0,1.0,-54.8665657043457,0.0,0.0,0.0
1450,15064,37,15064,37,2,0.0,1.0,103.6944808959961,0.0,0.0,0.0
1451,2687,337,2687,337,0,0.0,1.0,8.623515129089355,0.0,0.0,0.0
1452,7442,3318,7442,3318,2,0.0,1.0,-7.338627815246582,0.0,0.0,0.0
1453,1548,561,1548,561,0,0.0,1.0,-2.134892463684082,0.0,0.0,0.0
1454,203,36,203,36,2,0.0,1.0,-0.8066535592079163,0.0,0.0,0.0
1455,2444,11,2444,11,2,0.0,1.0,-19.13163185119629,0.0,0.0,0.0
1456,17347,885,17347,885,0,0.0,1.0,65.25154876708984,0.0,0.0,0.0
1457,11855,51,11855,51,0,0.0,1.0,65.84041595458984,0.0,0.0,0.0
1458,1401,2611,1401,2611,2,0.0,1.0,-13.50096607208252,0.0,0.0,0.0
1459,2542,3169,2542,3169,2,0.0,1.0,-11.949185371398926,0.0,0.0,0.0
1460,10366,54,10366,54,2,0.0,1.0,53.751216888427734,0.0,0.0,0.0
1461,14030,1662,14030,1662,0,0.0,1.0,40.554744720458984,0.0,0.0,0.0
1462,1177,506,1177,506,2,0.0,1.0,-1.2734918594360352,0.0,0.0,0.0
1463,1057,6,1057,6,0,0.0,1.0,10.34145450592041,0.0,0.0,0.0
1464,10889,19,10889,19,2,0.0,1.0,72.9022445678711,0.0,0.0,0.0
1465,234,8,234,8,0,0.0,1.0,-14.13771915435791,0.0,0.0,0.0
1466,529,112,529,112,0,0.0,1.0,0.6454781889915466,0.0,0.0,0.0
1467,38,15,38,15,2,0.0,1.0,-13.602490425109863,0.0,0.0,0.0
1468,524,740,524,740,2,0.0,1.0,-3.963261604309082,0.0,0.0,0.0
1469,2294,27,2294,27,2,0.0,1.0,27.568429946899414,0.0,0.0,0.0
1470,17636,49,17636,49,0,0.0,1.0,106.4244613647461,0.0,0.0,0.0
1471,22963,23,22963,23,1,0.0,1.0,98.0757064819336,0.0,0.0,0.0
1472,1905,761,1905,761,0,0.0,1.0,-2.0859079360961914,0.0,0.0,0.0
1473,1533,1384,1533,1384,2,0.0,1.0,-3.5823144912719727,0.0,0.0,0.0
1474,21327,3128,21327,3128,2,0.0,1.0,50.23122787475586,0.0,0.0,0.0
1475,25,10,25,10,0,0.0,1.0,-2.4597959518432617,0.0,0.0,0.0
1476,4093,13,4093,13,2,0.0,1.0,22.122583389282227,0.0,0.0,0.0
1477,18869,5826,18869,5826,0,0.0,1.0,-11.829686164855957,0.0,0.0,0.0
1478,6481,1,6481,1,2,0.0,1.0,38.532955169677734,0.0,0.0,0.0
1479,8492,1289,8492,1289,0,0.0,1.0,18.598718643188477,0.0,0.0,0.0
1480,17689,4400,17689,4400,0,0.0,1.0,-3.177037239074707,0.0,0.0,0.0
1481,5581,1205,5581,1205,0,0.0,1.0,4.005702018737793,0.0,0.0,0.0
1482,18266,1257,18266,1257,0,0.0,1.0,65.12447357177734,0.0,0.0,0.0
1483,3788,334,3788,334,0,0.0,1.0,13.105860710144043,0.0,0.0,0.0
1484,6477,2280,6477,2280,0,0.0,1.0,-8.507039070129395,0.0,0.0,0.0
1485,9280,18,9280,18,1,0.0,1.0,44.33395004272461,0.0,0.0,0.0
1486,10722,322,10722,322,2,0.0,1.0,40.94253158569336,0.0,0.0,0.0
1487,850,12,850,12,2,0.0,1.0,8.717116355895996,0.0,0.0,0.0
1488,10200,7,10200,7,1,0.0,1.0,57.625301361083984,0.0,0.0,0.0
1489,2301,25,2301,25,2,0.0,1.0,11.1004056930542,0.0,0.0,0.0
1490,2080,1480,2080,1480,2,0.0,1.0,-8.210949897766113,0.0,0.0,0.0
1491,10876,51,10876,51,2,0.0,1.0,70.13469696044922,0.0,0.0,0.0
1492,17141,476,17141,476,0,0.0,1.0,67.01924896240234,0.0,0.0,0.0
1493,6822,34,6822,34,1,0.0,1.0,35.2754020690918,0.0,0.0,0.0
1494,1760,99,1760,99,0,0.0,1.0,6.832003593444824,0.0,0.0,0.0
1495,3468,172,3468,172,0,0.0,1.0,13.127177238464355,0.0,0.0,0.0
1496,2318,706,2318,706,2,0.0,1.0,-1.2564287185668945,0.0,0.0,0.0
1497,4703,2281,4703,2281,2,0.0,1.0,-7.6725664138793945,0.0,0.0,0.0
1498,684,1,684,1,2,0.0,1.0,2.4545059204101562,0.0,0.0,0.0
1499,736,12,736,12,0,0.0,1.0,-1.250112533569336,0.0,0.0,0.0
1500,2858,1609,2858,1609,2,0.0,1.0,-15.15947437286377,0.0,0.0,0.0
1501,4467,19,4467,19,0,0.0,1.0,-16.611677169799805,0.0,0.0,0.0
1502,1236,85,1236,85,0,0.0,1.0,8.101624488830566,0.0,0.0,0.0
1503,3588,5,3588,5,2,0.0,1.0,41.789363861083984,0.0,0.0,0.0
1504,1218,469,1218,469,0,0.0,1.0,-1.4617815017700195,0.0,0.0,0.0
1505,243,34,243,34,2,0.0,1.0,-0.0654921904206276,0.0,0.0,0.0
1506,8669,1330,8669,1330,0,0.0,1.0,19.801416397094727,0.0,0.0,0.0
1507,13985,83,13985,83,2,0.0,1.0,125.66637420654297,0.0,0.0,0.0
1508,2613,597,2613,597,0,0.0,1.0,0.9763593077659607,0.0,0.0,0.0
1509,4789,15,4789,15,0,0.0,1.0,38.7588005065918,0.0,0.0,0.0
1510,2598,29,2598,29,0,0.0,1.0,-21.893287658691406,0.0,0.0,0.0
1511,5131,30,5131,30,2,0.0,1.0,57.27871322631836,0.0,0.0,0.0
1512,11957,1591,11957,1591,1,0.0,1.0,31.560754776000977,0.0,0.0,0.0
1513,15018,698,15018,698,0,0.0,1.0,56.19137191772461,0.0,0.0,0.0
1514,9930,243,9930,243,2,0.0,1.0,38.74795150756836,0.0,0.0,0.0
1515,9711,4705,9711,4705,2,0.0,1.0,-15.992863655090332,0.0,0.0,0.0
1516,39955,54,39955,54,0,0.0,1.0,159.14657592773438,0.0,0.0,0.0
1517,8234,1,8234,1,2,0.0,1.0,-16.24725914001465,0.0,0.0,0.0
1518,30641,2,30641,2,0,0.0,1.0,225.06802368164062,0.0,0.0,0.0
1519,8882,2204,8882,2204,2,0.0,1.0,-1.130101203918457,0.0,0.0,0.0
1520,9943,810,9943,810,0,0.0,1.0,34.70937728881836,0.0,0.0,0.0
1521,17466,1213,17466,1213,0,0.0,1.0,62.71633529663086,0.0,0.0,0.0
1522,11464,1024,11464,1024,0,0.0,1.0,39.330867767333984,0.0,0.0,0.0
1523,4448,2487,4448,2487,2,0.0,1.0,-20.28742027282715,0.0,0.0,0.0
1524,3433,795,3433,795,0,0.0,1.0,2.469233512878418,0.0,0.0,0.0
1525,2995,1423,2995,1423,2,0.0,1.0,-4.011456489562988,0.0,0.0,0.0
1526,9167,3225,9167,3225,0,0.0,1.0,-12.025364875793457,0.0,0.0,0.0
1527,1872,459,1872,459,2,0.0,1.0,-0.005780256353318691,0.0,0.0,0.0
1528,456,13,456,13,2,0.0,1.0,-1.2986383438110352,0.0,0.0,0.0
1529,2056,40,2056,40,2,0.0,1.0,20.11882209777832,0.0,0.0,0.0
1530,4706,62,4706,62,1,0.0,1.0,23.08573341369629,0.0,0.0,0.0
1531,13490,10,13490,10,2,0.0,1.0,100.57732391357422,0.0,0.0,0.0
1532,6003,1,6003,1,2,0.0,1.0,49.1299934387207,0.0,0.0,0.0
1533,2521,108,2521,108,0,0.0,1.0,9.575068473815918,0.0,0.0,0.0
1534,23923,444,23923,444,2,0.0,1.0,93.2837142944336,0.0,0.0,0.0
1535,8946,10,8946,10,2,0.0,1.0,63.493282318115234,0.0,0.0,0.0
1536,3266,13,3266,13,2,0.0,1.0,18.18919563293457,0.0,0.0,0.0
1537,30781,7,30781,7,0,0.0,1.0,123.09651947021484,0.0,0.0,0.0
1538,49997,14,49997,14,0,0.0,1.0,216.76290893554688,0.0,0.0,0.0
1539,3464,1695,3464,1695,2,0.0,1.0,-9.923596382141113,0.0,0.0,0.0
1540,565,310,565,310,2,0.0,1.0,-5.313304901123047,0.0,0.0,0.0
1541,59,1,59,1,2,0.0,1.0,-29.149106979370117,0.0,0.0,0.0
1542,7692,44,7692,44,1,0.0,1.0,32.344905853271484,0.0,0.0,0.0
1543,3020,1,3020,1,0,0.0,1.0,-26.861194610595703,0.0,0.0,0.0
1544,50265,420,50265,420,2,0.0,1.0,212.31637573242188,0.0,0.0,0.0
1545,9355,1669,9355,1669,0,0.0,1.0,19.61944007873535,0.0,0.0,0.0
1546,603,35,603,35,2,0.0,1.0,2.3091020584106445,0.0,0.0,0.0
1547,3737,1857,3737,1857,2,0.0,1.0,-12.307133674621582,0.0,0.0,0.0
1548,15579,1564,15579,1564,2,0.0,1.0,51.07998275756836,0.0,0.0,0.0
1549,3891,1786,3891,1786,2,0.0,1.0,-3.5375795364379883,0.0,0.0,0.0
1550,5913,982,5913,982,0,0.0,1.0,11.025553703308105,0.0,0.0,0.0
1551,9985,319,9985,319,1,0.0,1.0,38.56991195678711,0.0,0.0,0.0
1552,984,37,984,37,2,0.0,1.0,3.0441579818725586,0.0,0.0,0.0
1553,15659,48,15659,48,2,0.0,1.0,91.03292083740234,0.0,0.0,0.0
1554,23055,3111,23055,3111,1,0.0,1.0,59.18770980834961,0.0,0.0,0.0
1555,16449,2043,16449,2043,1,0.0,1.0,45.65060043334961,0.0,0.0,0.0
1556,1345,822,1345,822,2,0.0,1.0,-8.27385425567627,0.0,0.0,0.0
1557,36163,1415,36163,1415,2,0.0,1.0,138.76376342773438,0.0,0.0,0.0
1558,8627,2,8627,2,0,0.0,1.0,33.58535385131836,0.0,0.0,0.0
1559,4694,5187,4694,5187,2,0.0,1.0,-18.647375106811523,0.0,0.0,0.0
1560,725,17,725,17,2,0.0,1.0,6.579519271850586,0.0,0.0,0.0
1561,9289,1707,9289,1707,0,0.0,1.0,14.113764762878418,0.0,0.0,0.0
1562,979,3824,979,3824,2,0.0,1.0,-6.7452287673950195,0.0,0.0,0.0
1563,794,2222,794,2222,2,0.0,1.0,-9.674786567687988,0.0,0.0,0.0
1564,38951,650,38951,650,1,0.0,1.0,152.20407104492188,0.0,0.0,0.0
1565,10111,53,10111,53,2,0.0,1.0,41.76229476928711,0.0,0.0,0.0
1566,1844,1264,1844,1264,2,0.0,1.0,-9.013920783996582,0.0,0.0,0.0
1567,9782,6,9782,6,2,0.0,1.0,56.140743255615234,0.0,0.0,0.0
1568,2254,9,2254,9,0,0.0,1.0,11.012469291687012,0.0,0.0,0.0
1569,28430,6652,28430,6652,0,0.0,1.0,8.394251823425293,0.0,0.0,0.0
1570,1898,25,1898,25,0,0.0,1.0,18.76259422302246,0.0,0.0,0.0
1571,66,531,66,531,2,0.0,1.0,-0.2364988625049591,0.0,0.0,0.0
1572,13716,2281,13716,2281,0,0.0,1.0,25.744714736938477,0.0,0.0,0.0
1573,12567,561,12567,561,0,0.0,1.0,47.098628997802734,0.0,0.0,0.0
1574,3843,3903,3843,3903,2,0.0,1.0,-13.692524909973145,0.0,0.0,0.0
1575,1006,1204,1006,1204,2,0.0,1.0,-4.223515510559082,0.0,0.0,0.0
1576,2708,1,2708,1,0,0.0,1.0,-21.69713020324707,0.0,0.0,0.0
1577,6426,425,6426,425,0,0.0,1.0,23.773080825805664,0.0,0.0,0.0
1578,6753,1754,6753,1754,0,0.0,1.0,-1.479588508605957,0.0,0.0,0.0
1579,2318,24,2318,24,2,0.0,1.0,-21.07843780517578,0.0,0.0,0.0
1580,4944,1,4944,1,2,0.0,1.0,23.347192764282227,0.0,0.0,0.0
1581,1827,821,1827,821,2,0.0,1.0,-1.6132478713989258,0.0,0.0,0.0
1582,19637,3063,19637,3063,0,0.0,1.0,41.33053207397461,0.0,0.0,0.0
1583,5566,349,5566,349,2,0.0,1.0,20.9422550201416,0.0,0.0,0.0
1584,4258,3,4258,3,2,0.0,1.0,40.39780044555664,0.0,0.0,0.0
1585,988,443,988,443,2,0.0,1.0,-1.9294843673706055,0.0,0.0,0.0
1586,2432,3,2432,3,2,0.0,1.0,19.929262161254883,0.0,0.0,0.0
1587,10366,2759,10366,2759,0,0.0,1.0,-3.897068977355957,0.0,0.0,0.0
1588,17312,3585,17312,3585,2,0.0,1.0,15.780543327331543,0.0,0.0,0.0
1589,9326,317,9326,317,2,0.0,1.0,35.45498275756836,0.0,0.0,0.0
1590,8274,131,8274,131,2,0.0,1.0,32.55428695678711,0.0,0.0,0.0
1591,2411,39,2411,39,0,0.0,1.0,-21.053007125854492,0.0,0.0,0.0
1592,3819,17,3819,17,1,0.0,1.0,17.079355239868164,0.0,0.0,0.0
1593,2746,777,2746,777,2,0.0,1.0,-0.48600485920906067,0.0,0.0,0.0
1594,943,9,943,9,0,0.0,1.0,-8.625962257385254,0.0,0.0,0.0
1595,1717,674,1717,674,2,0.0,1.0,-2.086705207824707,0.0,0.0,0.0
1596,2723,1209,2723,1209,2,0.0,1.0,-2.5120058059692383,0.0,0.0,0.0
1597,294,967,294,967,2,0.0,1.0,-3.2916688919067383,0.0,0.0,0.0
1598,196,5971,196,5971,2,0.0,1.0,10.426722526550293,0.0,0.0,0.0
1599,15017,339,15017,339,1,0.0,1.0,58.23507308959961,0.0,0.0,0.0
1600,625,1139,625,1139,2,0.0,1.0,-5.452424049377441,0.0,0.0,0.0
1601,1040,4,1040,4,2,0.0,1.0,-55.4536247253418,0.0,0.0,0.0
1602,8735,2426,8735,2426,0,0.0,1.0,-3.234501838684082,0.0,0.0,0.0
1603,7133,1799,7133,1799,2,0.0,1.0,-1.883793830871582,0.0,0.0,0.0
1604,1691,2571,1691,2571,2,0.0,1.0,-12.426777839660645,0.0,0.0,0.0
1605,4532,38,4532,38,2,0.0,1.0,19.54093360900879,0.0,0.0,0.0
1606,26124,4351,26124,4351,0,0.0,1.0,47.20406723022461,0.0,0.0,0.0
1607,3384,1434,3384,1434,0,0.0,1.0,-3.544499397277832,0.0,0.0,0.0
1608,7056,583,7056,583,0,0.0,1.0,25.163599014282227,0.0,0.0,0.0
1609,16528,185,16528,185,1,0.0,1.0,65.73494720458984,0.0,0.0,0.0
1610,2393,822,2393,822,0,0.0,1.0,-2.5696535110473633,0.0,0.0,0.0
1611,8620,884,8620,884,2,0.0,1.0,28.2702579498291,0.0,0.0,0.0
1612,8178,49,8178,49,2,0.0,1.0,33.59688949584961,0.0,0.0,0.0
1613,3717,3037,3717,3037,2,0.0,1.0,-3.997067451477051,0.0,0.0,0.0
1614,12662,596,12662,596,0,0.0,1.0,46.987361907958984,0.0,0.0,0.0
1615,12252,1464,12252,1464,1,0.0,1.0,35.521175384521484,0.0,0.0,0.0
1616,4410,959,4410,959,0,0.0,1.0,2.6174116134643555,0.0,0.0,0.0
1617,11063,1409,11063,1409,0,0.0,1.0,29.894067764282227,0.0,0.0,0.0
1618,4836,3116,4836,3116,2,0.0,1.0,-27.47194480895996,0.0,0.0,0.0
1619,1897,1777,1897,1777,2,0.0,1.0,-5.168484687805176,0.0,0.0,0.0
1620,537,621,537,621,2,0.0,1.0,-2.1993627548217773,0.0,0.0,0.0
1621,11002,356,11002,356,2,0.0,1.0,42.265010833740234,0.0,0.0,0.0
1622,2697,111,2697,111,0,0.0,1.0,10.139681816101074,0.0,0.0,0.0
1623,2647,645,2647,645,0,0.0,1.0,0.5807980895042419,0.0,0.0,0.0
1624,17787,1573,17787,1573,0,0.0,1.0,62.06344223022461,0.0,0.0,0.0
1625,8635,1787,8635,1787,2,0.0,1.0,7.197779655456543,0.0,0.0,0.0
1626,13474,1731,13474,1731,2,0.0,1.0,37.156307220458984,0.0,0.0,0.0
1627,8470,709,8470,709,0,0.0,1.0,29.382287979125977,0.0,0.0,0.0
1628,3803,255,3803,255,2,0.0,1.0,14.91834545135498,0.0,0.0,0.0
1629,15375,3137,15375,3137,0,0.0,1.0,14.075037956237793,0.0,0.0,0.0
1630,1483,319,1483,319,0,0.0,1.0,1.044337272644043,0.0,0.0,0.0
1631,897,3459,897,3459,2,0.0,1.0,-7.8468828201293945,0.0,0.0,0.0
1632,435,2041,435,2041,2,0.0,1.0,-2.265347480773926,0.0,0.0,0.0
1633,9321,1129,9321,1129,0,0.0,1.0,26.41753578186035,0.0,0.0,0.0
1634,22112,1519,22112,1519,0,0.0,1.0,79.7343978881836,0.0,0.0,0.0
1635,21753,629,21753,629,2,0.0,1.0,83.38057708740234,0.0,0.0,0.0
1636,11434,1240,11434,1240,2,0.0,1.0,36.471797943115234,0.0,0.0,0.0
1637,713,709,713,709,2,0.0,1.0,-2.9969568252563477,0.0,0.0,0.0
1638,34265,1684,34265,1684,0,0.0,1.0,126.49227142333984,0.0,0.0,0.0
1639,18864,87,18864,87,0,0.0,1.0,75.94014739990234,0.0,0.0,0.0
1640,29697,2713,29697,2713,0,0.0,1.0,101.46504974365234,0.0,0.0,0.0
1641,199,1062,199,1062,2,0.0,1.0,-0.29540351033210754,0.0,0.0,0.0
1642,19363,228,19363,228,0,0.0,1.0,76.51375579833984,0.0,0.0,0.0
1643,175,3284,175,3284,2,0.0,1.0,6.420763969421387,0.0,0.0,0.0
1644,40154,5502,40154,5502,2,0.0,1.0,100.59920501708984,0.0,0.0,0.0
1645,2330,274,2330,274,0,0.0,1.0,6.882014274597168,0.0,0.0,0.0
1646,2378,1858,2378,1858,2,0.0,1.0,-2.5616044998168945,0.0,0.0,0.0
1647,6776,274,6776,274,2,0.0,1.0,26.300500869750977,0.0,0.0,0.0
1648,29645,462,29645,462,2,0.0,1.0,116.37691497802734,0.0,0.0,0.0
1649,8193,705,8193,705,0,0.0,1.0,28.7182559967041,0.0,0.0,0.0
1650,1493,2126,1493,2126,2,0.0,1.0,-10.1981782913208,0.0,0.0,0.0
1651,25663,240,25663,240,0,0.0,1.0,102.10445404052734,0.0,0.0,0.0
1652,16841,100,16841,100,0,0.0,1.0,67.17024993896484,0.0,0.0,0.0
1653,22394,2392,22394,2392,0,0.0,1.0,70.4157943725586,0.0,0.0,0.0
1654,2164,442,2164,442,2,0.0,1.0,2.5549802780151367,0.0,0.0,0.0
1655,31983,588,31983,588,2,0.0,1.0,124.51351165771484,0.0,0.0,0.0
1656,1378,165,1378,165,0,0.0,1.0,5.097590446472168,0.0,0.0,0.0
1657,3514,6010,3514,6010,2,0.0,1.0,-30.075674057006836,0.0,0.0,0.0
1658,4816,797,4816,797,0,0.0,1.0,9.216898918151855,0.0,0.0,0.0
1659,12948,184,12948,184,2,0.0,1.0,50.980648040771484,0.0,0.0,0.0
1660,16537,2490,16537,2490,0,0.0,1.0,38.37514877319336,0.0,0.0,0.0
1661,844,2663,844,2663,2,0.0,1.0,-9.308117866516113,0.0,0.0,0.0
1662,1936,1143,1936,1143,2,0.0,1.0,-12.690876960754395,0.0,0.0,0.0
1663,5296,732,5296,732,0,0.0,1.0,13.739405632019043,0.0,0.0,0.0
1664,9905,1077,9905,1077,0,0.0,1.0,30.5056095123291,0.0,0.0,0.0
1665,5791,250,5791,250,0,0.0,1.0,21.875757217407227,0.0,0.0,0.0
1666,3364,156,3364,156,2,0.0,1.0,14.258517265319824,0.0,0.0,0.0
1667,3801,1,3801,1,2,0.0,1.0,20.46294593811035,0.0,0.0,0.0
1668,11053,2743,11053,2743,0,0.0,1.0,-0.4198961555957794,0.0,0.0,0.0
1669,7786,2482,7786,2482,0,0.0,1.0,-5.5580949783325195,0.0,0.0,0.0
1670,3364,1232,3364,1232,0,0.0,1.0,-4.611920356750488,0.0,0.0,0.0
1671,19323,2495,19323,2495,1,0.0,1.0,51.77914047241211,0.0,0.0,0.0
1672,15491,1712,15491,1712,2,0.0,1.0,49.51992416381836,0.0,0.0,0.0
1673,6011,2194,6011,2194,0,0.0,1.0,-8.722981452941895,0.0,0.0,0.0
1674,17567,238,17567,238,2,0.0,1.0,69.65547943115234,0.0,0.0,0.0
1675,35,2169,35,2169,2,0.0,1.0,4.0358381271362305,0.0,0.0,0.0
1676,4478,81,4478,81,2,0.0,1.0,18.30820655822754,0.0,0.0,0.0
1677,1627,12893,1627,12893,2,0.0,1.0,17.6384220123291,0.0,0.0,0.0
1678,1522,1590,1522,1590,2,0.0,1.0,-5.95198917388916,0.0,0.0,0.0
1679,5815,188,5815,188,2,0.0,1.0,22.427515029907227,0.0,0.0,0.0
1680,1395,818,1395,818,2,0.0,1.0,-8.4254732131958,0.0,0.0,0.0
1681,885,253,885,253,0,0.0,1.0,0.15236946940422058,0.0,0.0,0.0
1682,9596,803,9596,803,0,0.0,1.0,33.695919036865234,0.0,0.0,0.0
1683,253,2551,253,2551,2,0.0,1.0,5.4443159103393555,0.0,0.0,0.0
1684,14408,2560,14408,2560,2,0.0,1.0,23.3945255279541,0.0,0.0,0.0
1685,35808,950,35808,950,2,0.0,1.0,138.65145874023438,0.0,0.0,0.0
1686,16449,2489,16449,2489,2,0.0,1.0,35.88143539428711,0.0,0.0,0.0
1687,3052,101,3052,101,2,0.0,1.0,12.547953605651855,0.0,0.0,0.0
1688,20741,195,20741,195,0,0.0,1.0,82.58968353271484,0.0,0.0,0.0
1689,4536,2262,4536,2262,2,0.0,1.0,-9.793522834777832,0.0,0.0,0.0
1690,4147,1915,4147,1915,2,0.0,1.0,-5.006627082824707,0.0,0.0,0.0
1691,26263,694,26263,694,1,0.0,1.0,101.69368743896484,0.0,0.0,0.0
1692,2648,7,2648,7,2,0.0,1.0,15.650111198425293,0.0,0.0,0.0
1693,1363,664,1363,664,2,0.0,1.0,-2.9557809829711914,0.0,0.0,0.0
1694,2868,5045,2868,5045,2,0.0,1.0,-25.4127254486084,0.0,0.0,0.0
1695,10554,1421,10554,1421,0,0.0,1.0,27.6780948638916,0.0,0.0,0.0
1696,5435,4005,5435,4005,2,0.0,1.0,-15.84746265411377,0.0,0.0,0.0
1697,252,382,252,382,2,0.0,1.0,-1.9072723388671875,0.0,0.0,0.0
1698,9573,1156,9573,1156,2,0.0,1.0,27.12859535217285,0.0,0.0,0.0
1699,4841,1977,4841,1977,0,0.0,1.0,-5.695439338684082,0.0,0.0,0.0
1700,2418,1523,2418,1523,2,0.0,1.0,-14.393643379211426,0.0,0.0,0.0
1701,9805,793,9805,793,0,0.0,1.0,37.510005950927734,0.0,0.0,0.0
1702,7021,1624,7021,1624,2,0.0,1.0,2.000544548034668,0.0,0.0,0.0
1703,31984,300,31984,300,0,0.0,1.0,127.58699798583984,0.0,0.0,0.0
1704,11433,290,11433,290,2,0.0,1.0,46.39284896850586,0.0,0.0,0.0
1705,12840,2056,12840,2056,0,0.0,1.0,25.419580459594727,0.0,0.0,0.0
1706,22048,1584,22048,1584,0,0.0,1.0,79.4225082397461,0.0,0.0,0.0
1707,4195,14404,4195,14404,2,0.0,1.0,-39.576908111572266,0.0,0.0,0.0
1708,353,4681,353,4681,2,0.0,1.0,10.746302604675293,0.0,0.0,0.0
1709,20515,2130,20515,2130,2,0.0,1.0,67.35726165771484,0.0,0.0,0.0
1710,104,1345,104,1345,2,0.0,1.0,2.434473991394043,0.0,0.0,0.0
1711,8438,693,8438,693,0,0.0,1.0,31.79619789123535,0.0,0.0,0.0
1712,20078,1299,20078,1299,0,0.0,1.0,74.17488861083984,0.0,0.0,0.0
1713,10864,2454,10864,2454,0,0.0,1.0,4.258387565612793,0.0,0.0,0.0
1714,3088,4043,3088,4043,2,0.0,1.0,-14.162846565246582,0.0,0.0,0.0
1715,4530,57,4530,57,2,0.0,1.0,17.96245765686035,0.0,0.0,0.0
1716,23685,218,23685,218,2,0.0,1.0,94.1761703491211,0.0,0.0,0.0
1717,1669,2023,1669,2023,2,0.0,1.0,-7.578457832336426,0.0,0.0,0.0
1718,14553,436,14553,436,2,0.0,1.0,55.46371078491211,0.0,0.0,0.0
1719,32683,448,32683,448,2,0.0,1.0,128.80429077148438,0.0,0.0,0.0
1720,12770,543,12770,543,0,0.0,1.0,48.113277435302734,0.0,0.0,0.0
1721,7398,891,7398,891,0,0.0,1.0,21.21697425842285,0.0,0.0,0.0
1722,12180,1535,12180,1535,0,0.0,1.0,33.41457748413086,0.0,0.0,0.0
1723,31237,86,31237,86,0,0.0,1.0,156.54879760742188,0.0,0.0,0.0
1724,7440,9,7440,9,2,0.0,1.0,29.0436954498291,0.0,0.0,0.0
1725,3707,1790,3707,1790,2,0.0,1.0,-6.372265815734863,0.0,0.0,0.0
1726,5405,2,5405,2,2,0.0,1.0,21.7622013092041,0.0,0.0,0.0
1727,559,1458,559,1458,2,0.0,1.0,-9.671025276184082,0.0,0.0,0.0
1728,5845,500,5845,500,0,0.0,1.0,21.481714248657227,0.0,0.0,0.0
1729,8358,3739,8358,3739,2,0.0,1.0,-7.742497444152832,0.0,0.0,0.0
1730,28217,5,28217,5,0,0.0,1.0,228.35684204101562,0.0,0.0,0.0
1731,610,3081,610,3081,2,0.0,1.0,-1.6296510696411133,0.0,0.0,0.0
1732,31602,8,31602,8,0,0.0,1.0,167.01669311523438,0.0,0.0,0.0
1733,2242,1416,2242,1416,2,0.0,1.0,-13.237919807434082,0.0,0.0,0.0
1734,50261,317,50261,317,2,0.0,1.0,200.21054077148438,0.0,0.0,0.0
1735,3122,1052,3122,1052,2,0.0,1.0,-3.2310380935668945,0.0,0.0,0.0
1736,3516,5228,3516,5228,2,0.0,1.0,-25.31659507751465,0.0,0.0,0.0
1737,1364,57,1364,57,2,0.0,1.0,5.408160209655762,0.0,0.0,0.0
1738,2033,3514,2033,3514,2,0.0,1.0,-17.8308162689209,0.0,0.0,0.0
1739,4023,1206,4023,1206,0,0.0,1.0,-2.218480110168457,0.0,0.0,0.0
1740,11684,27,11684,27,2,0.0,1.0,47.469661712646484,0.0,0.0,0.0
1741,22940,1146,22940,1146,0,0.0,1.0,85.29610443115234,0.0,0.0,0.0
1742,19243,4120,19243,4120,2,0.0,1.0,13.008814811706543,0.0,0.0,0.0
1743,68002,1381,68002,1381,2,0.0,1.0,286.6764831542969,0.0,0.0,0.0
1744,18404,824,18404,824,0,0.0,1.0,68.6100082397461,0.0,0.0,0.0
1745,5976,307,5976,307,2,0.0,1.0,24.04575538635254,0.0,0.0,0.0
1746,8341,781,8341,781,2,0.0,1.0,28.584314346313477,0.0,0.0,0.0
1747,702,673,702,673,2,0.0,1.0,-2.238551139831543,0.0,0.0,0.0
1748,29119,2,29119,2,0,0.0,1.0,145.90499877929688,0.0,0.0,0.0
1749,613,11,613,11,2,0.0,1.0,5.564747333526611,0.0,0.0,0.0
1750,21827,1810,21827,1810,0,0.0,1.0,76.9526596069336,0.0,0.0,0.0
1751,20791,2123,20791,2123,0,0.0,1.0,66.6806869506836,0.0,0.0,0.0
1752,1440,1195,1440,1195,2,0.0,1.0,-2.093316078186035,0.0,0.0,0.0
1753,530,145,530,145,0,0.0,1.0,0.09568687528371811,0.0,0.0,0.0
1754,16100,150,16100,150,0,0.0,1.0,64.14192962646484,0.0,0.0,0.0
1755,113532,1820,113532,1820,1,0.0,1.0,453.8293151855469,0.0,0.0,0.0
1756,68721,331,68721,331,0,0.0,1.0,272.4821472167969,0.0,0.0,0.0
1757,41402,566,41402,566,0,0.0,1.0,163.99081420898438,0.0,0.0,0.0
1758,2760,676,2760,676,0,0.0,1.0,0.4123029410839081,0.0,0.0,0.0
1759,10511,4,10511,4,0,0.0,1.0,41.25613021850586,0.0,0.0,0.0
1760,8563,3193,8563,3193,0,0.0,1.0,-12.274510383605957,0.0,0.0,0.0
1761,45736,5234,45736,5234,2,0.0,1.0,150.96395874023438,0.0,0.0,0.0
1762,8751,4346,8751,4346,2,0.0,1.0,-17.6207332611084,0.0,0.0,0.0
1763,4430,2496,4430,2496,2,0.0,1.0,-22.532522201538086,0.0,0.0,0.0
1764,6328,337,6328,337,0,0.0,1.0,23.317163467407227,0.0,0.0,0.0
1765,5121,1313,5121,1313,0,0.0,1.0,-1.7307634353637695,0.0,0.0,0.0
1766,10445,786,10445,786,0,0.0,1.0,37.253414154052734,0.0,0.0,0.0
1767,18589,32,18589,32,0,0.0,1.0,72.29940032958984,0.0,0.0,0.0
1768,2436,5011,2436,5011,2,0.0,1.0,-25.570470809936523,0.0,0.0,0.0
1769,14166,3480,14166,3480,0,0.0,1.0,-1.069920539855957,0.0,0.0,0.0
1770,5996,47,5996,47,2,0.0,1.0,-32.4025764465332,0.0,0.0,0.0
1771,1002,2046,1002,2046,2,0.0,1.0,-10.654057502746582,0.0,0.0,0.0
1772,2605,1,2605,1,0,0.0,1.0,27.91417121887207,0.0,0.0,0.0
1773,11748,880,11748,880,0,0.0,1.0,41.381221771240234,0.0,0.0,0.0
1774,31383,38,31383,38,1,0.0,1.0,164.38839721679688,0.0,0.0,0.0
1775,43542,3854,43542,3854,0,0.0,1.0,166.35372924804688,0.0,0.0,0.0
1776,3782,750,3782,750,0,0.0,1.0,4.003230094909668,0.0,0.0,0.0
1777,31582,1566,31582,1566,0,0.0,1.0,116.41170501708984,0.0,0.0,0.0
1778,3953,3033,3953,3033,2,0.0,1.0,-6.709416389465332,0.0,0.0,0.0
1779,13276,1087,13276,1087,0,0.0,1.0,46.75960922241211,0.0,0.0,0.0
1780,4488,1577,4488,1577,0,0.0,1.0,-5.493412971496582,0.0,0.0,0.0
1781,2743,18,2743,18,0,0.0,1.0,25.402002334594727,0.0,0.0,0.0
1782,2408,16,2408,16,2,0.0,1.0,-9.830594062805176,0.0,0.0,0.0
1783,24752,2354,24752,2354,2,0.0,1.0,83.02376556396484,0.0,0.0,0.0
1784,2451,1,2451,1,0,0.0,1.0,21.155588150024414,0.0,0.0,0.0
1785,41455,88,41455,88,0,0.0,1.0,161.59298706054688,0.0,0.0,0.0
1786,1070,157,1070,157,0,0.0,1.0,2.6795034408569336,0.0,0.0,0.0
1787,20774,9,20774,9,2,0.0,1.0,169.20736694335938,0.0,0.0,0.0
1788,11274,5674,11274,5674,2,0.0,1.0,-26.069494247436523,0.0,0.0,0.0
1789,3890,11238,3890,11238,2,0.0,1.0,-46.52609634399414,0.0,0.0,0.0
1790,6035,1353,6035,1353,0,0.0,1.0,2.6648359298706055,0.0,0.0,0.0
1791,981,140,981,140,0,0.0,1.0,2.9021177291870117,0.0,0.0,0.0
1792,4120,96,4120,96,0,0.0,1.0,40.75014877319336,0.0,0.0,0.0
1793,5023,34,5023,34,1,0.0,1.0,36.77729415893555,0.0,0.0,0.0
1794,8646,15,8646,15,2,0.0,1.0,41.517452239990234,0.0,0.0,0.0
1795,18733,1589,18733,1589,0,0.0,1.0,64.75655364990234,0.0,0.0,0.0
1796,33867,1183,33867,1183,0,0.0,1.0,128.09225463867188,0.0,0.0,0.0
1797,2492,90,2492,90,1,0.0,1.0,10.11999797821045,0.0,0.0,0.0
1798,9431,618,9431,618,0,0.0,1.0,33.976863861083984,0.0,0.0,0.0
1799,37421,984,37421,984,2,0.0,1.0,144.67257690429688,0.0,0.0,0.0
1800,5347,174,5347,174,2,0.0,1.0,20.900705337524414,0.0,0.0,0.0
1801,17331,165,17331,165,1,0.0,1.0,68.6373519897461,0.0,0.0,0.0
1802,2106,843,2106,843,2,0.0,1.0,-1.7178659439086914,0.0,0.0,0.0
1803,69243,4230,69243,4230,0,0.0,1.0,252.73410034179688,0.0,0.0,0.0
1804,17867,1603,17867,1603,0,0.0,1.0,61.53689193725586,0.0,0.0,0.0
1805,5834,1179,5834,1179,0,0.0,1.0,5.7368879318237305,0.0,0.0,0.0
1806,4501,529,4501,529,0,0.0,1.0,13.252848625183105,0.0,0.0,0.0
1807,19325,5,19325,5,2,0.0,1.0,96.31331634521484,0.0,0.0,0.0
1808,419,978,419,978,2,0.0,1.0,-5.560822486877441,0.0,0.0,0.0
1809,13840,900,13840,900,0,0.0,1.0,49.72573471069336,0.0,0.0,0.0
1810,23748,16,23748,16,2,0.0,1.0,131.52566528320312,0.0,0.0,0.0
1811,3201,4748,3201,4748,2,0.0,1.0,-23.023229598999023,0.0,0.0,0.0
1812,7417,2,7417,2,0,0.0,1.0,75.89636993408203,0.0,0.0,0.0
1813,21566,11,21566,11,1,0.0,1.0,180.36166381835938,0.0,0.0,0.0
1814,2652,3233,2652,3233,2,0.0,1.0,-13.043110847473145,0.0,0.0,0.0
1815,10040,174,10040,174,0,0.0,1.0,40.90584945678711,0.0,0.0,0.0
1816,4784,99,4784,99,1,0.0,1.0,19.534997940063477,0.0,0.0,0.0
1817,16148,13,16148,13,2,0.0,1.0,77.8690414428711,0.0,0.0,0.0
1818,1238,2926,1238,2926,2,0.0,1.0,-16.370176315307617,0.0,0.0,0.0
1819,10506,804,10506,804,0,0.0,1.0,37.20418930053711,0.0,0.0,0.0
1820,58457,703,58457,703,2,0.0,1.0,232.18185424804688,0.0,0.0,0.0
1821,3649,3786,3649,3786,2,0.0,1.0,-13.781880378723145,0.0,0.0,0.0
1822,17283,408,17283,408,0,0.0,1.0,67.3270492553711,0.0,0.0,0.0
1823,8562,1,8562,1,2,0.0,1.0,68.62725067138672,0.0,0.0,0.0
1824,17523,30,17523,30,0,0.0,1.0,70.50215911865234,0.0,0.0,0.0
1825,675,135,675,135,2,0.0,1.0,2.1975221633911133,0.0,0.0,0.0
1826,24418,685,24418,685,2,0.0,1.0,100.37422943115234,0.0,0.0,0.0
1827,19820,1427,19820,1427,0,0.0,1.0,70.27645111083984,0.0,0.0,0.0
1828,3315,3,3315,3,0,0.0,1.0,40.519290924072266,0.0,0.0,0.0
1829,4407,2408,4407,2408,2,0.0,1.0,-18.44954490661621,0.0,0.0,0.0
1830,5772,1065,5772,1065,0,0.0,1.0,8.507166862487793,0.0,0.0,0.0
1831,36406,28,36406,28,1,0.0,1.0,216.28842163085938,0.0,0.0,0.0
1832,14153,31,14153,31,0,0.0,1.0,55.78512191772461,0.0,0.0,0.0
1833,7875,8,7875,8,0,0.0,1.0,71.2923355102539,0.0,0.0,0.0
1834,119,16,119,16,0,0.0,1.0,-26.607526779174805,0.0,0.0,0.0
1835,7221,15,7221,15,1,0.0,1.0,57.81600570678711,0.0,0.0,0.0
1836,24712,47,24712,47,2,0.0,1.0,96.3663558959961,0.0,0.0,0.0
1837,3752,2112,3752,2112,2,0.0,1.0,-21.16876792907715,0.0,0.0,0.0
1838,12532,62,12532,62,1,0.0,1.0,103.27050018310547,0.0,0.0,0.0
1839,25410,99,25410,99,2,0.0,1.0,146.92306518554688,0.0,0.0,0.0
1840,12086,412,12086,412,2,0.0,1.0,46.090328216552734,0.0,0.0,0.0
1841,80,348,80,348,2,0.0,1.0,-0.4041576683521271,0.0,0.0,0.0
1842,375,2694,375,2694,2,0.0,1.0,1.5661420822143555,0.0,0.0,0.0
1843,434,1128,434,1128,2,0.0,1.0,-6.923550605773926,0.0,0.0,0.0
1844,23608,63,23608,63,1,0.0,1.0,122.95394134521484,0.0,0.0,0.0
1845,7416,1004,7416,1004,0,0.0,1.0,19.66961097717285,0.0,0.0,0.0
1846,5486,954,5486,954,0,0.0,1.0,9.226420402526855,0.0,0.0,0.0
1847,108,1549,108,1549,2,0.0,1.0,3.4160566329956055,0.0,0.0,0.0
1848,803,1408,803,1408,2,0.0,1.0,-7.088669776916504,0.0,0.0,0.0
1849,58326,17,58326,17,1,0.0,1.0,309.3481140136719,0.0,0.0,0.0
1850,40,2037,40,2037,2,0.0,1.0,0.23572823405265808,0.0,0.0,0.0
1851,8520,15,8520,15,1,0.0,1.0,37.25832748413086,0.0,0.0,0.0
1852,736,106,736,106,0,0.0,1.0,1.9454641342163086,0.0,0.0,0.0
1853,10894,57,10894,57,2,0.0,1.0,45.584590911865234,0.0,0.0,0.0
1854,1932,137,1932,137,0,0.0,1.0,7.2173261642456055,0.0,0.0,0.0
1855,2689,347,2689,347,0,0.0,1.0,7.2310590744018555,0.0,0.0,0.0
1856,9070,1,9070,1,0,0.0,1.0,77.09505462646484,0.0,0.0,0.0
1857,5410,576,5410,576,0,0.0,1.0,17.31461524963379,0.0,0.0,0.0
1858,15057,8,15057,8,2,0.0,1.0,63.84780502319336,0.0,0.0,0.0
1859,3957,1913,3957,1913,2,0.0,1.0,-5.963803291320801,0.0,0.0,0.0
1860,2129,2278,2129,2278,2,0.0,1.0,-8.430211067199707,0.0,0.0,0.0
1861,11209,26,11209,26,2,0.0,1.0,59.035884857177734,0.0,0.0,0.0
1862,6485,41,6485,41,1,0.0,1.0,31.419153213500977,0.0,0.0,0.0
1863,13312,492,13312,492,2,0.0,1.0,51.36037826538086,0.0,0.0,0.0
1864,32476,815,32476,815,0,0.0,1.0,126.03902435302734,0.0,0.0,0.0
1865,6041,6,6041,6,1,0.0,1.0,30.68364906311035,0.0,0.0,0.0
1866,5310,1161,5310,1161,0,0.0,1.0,3.0697431564331055,0.0,0.0,0.0
1867,16162,2,16162,2,1,0.0,1.0,71.8059310913086,0.0,0.0,0.0
1868,390,579,390,579,2,0.0,1.0,-2.8240251541137695,0.0,0.0,0.0
1869,10995,136,10995,136,1,0.0,1.0,47.286861419677734,0.0,0.0,0.0
1870,39181,12,39181,12,2,0.0,1.0,190.82028198242188,0.0,0.0,0.0
1871,4691,747,4691,747,0,0.0,1.0,9.49097728729248,0.0,0.0,0.0
1872,3556,502,3556,502,0,0.0,1.0,9.090014457702637,0.0,0.0,0.0
1873,2387,57,2387,57,1,0.0,1.0,9.71716594696045,0.0,0.0,0.0
1874,3547,36,3547,36,2,0.0,1.0,14.76374340057373,0.0,0.0,0.0
1875,12493,18,12493,18,1,0.0,1.0,52.30776596069336,0.0,0.0,0.0
1876,93,2822,93,2822,2,0.0,1.0,6.1848249435424805,0.0,0.0,0.0
1877,1157,1995,1157,1995,2,0.0,1.0,-10.058568000793457,0.0,0.0,0.0
1878,34834,881,34834,881,0,0.0,1.0,134.25241088867188,0.0,0.0,0.0
1879,20941,3249,20941,3249,0,0.0,1.0,44.47848129272461,0.0,0.0,0.0
1880,16966,35,16966,35,0,0.0,1.0,85.6429672241211,0.0,0.0,0.0
1881,15039,895,15039,895,0,0.0,1.0,55.13973617553711,0.0,0.0,0.0
1882,3561,20,3561,20,0,0.0,1.0,33.6634635925293,0.0,0.0,0.0
1883,24436,20,24436,20,0,0.0,1.0,140.97494506835938,0.0,0.0,0.0
1884,2487,22,2487,22,2,0.0,1.0,22.956605911254883,0.0,0.0,0.0
1885,33346,624,33346,624,0,0.0,1.0,131.86630249023438,0.0,0.0,0.0
1886,2114,3018,2114,3018,2,0.0,1.0,-14.47673511505127,0.0,0.0,0.0
1887,8132,6197,8132,6197,2,0.0,1.0,-15.344258308410645,0.0,0.0,0.0
1888,30248,93,30248,93,0,0.0,1.0,118.52767181396484,0.0,0.0,0.0
1889,20449,2459,20449,2459,1,0.0,1.0,59.13589096069336,0.0,0.0,0.0
1890,6454,817,6454,817,2,0.0,1.0,18.583765029907227,0.0,0.0,0.0
1891,8212,19,8212,19,2,0.0,1.0,37.960567474365234,0.0,0.0,0.0
1892,21380,2,21380,2,0,0.0,1.0,107.5650863647461,0.0,0.0,0.0
1893,1106,1035,1106,1035,2,0.0,1.0,-3.0287065505981445,0.0,0.0,0.0
1894,10116,5,10116,5,1,0.0,1.0,50.783748626708984,0.0,0.0,0.0
1895,434,3536,434,3536,2,0.0,1.0,4.7516889572143555,0.0,0.0,0.0
1896,33008,229,33008,229,2,0.0,1.0,131.27658081054688,0.0,0.0,0.0
1897,18012,11,18012,11,2,0.0,1.0,79.1554183959961,0.0,0.0,0.0
1898,19793,5916,19793,5916,2,0.0,1.0,-10.045018196105957,0.0,0.0,0.0
1899,19198,977,19198,977,0,0.0,1.0,71.43111419677734,0.0,0.0,0.0
1900,5298,2368,5298,2368,2,0.0,1.0,-5.184269905090332,0.0,0.0,0.0
1901,18388,14,18388,14,2,0.0,1.0,100.67867279052734,0.0,0.0,0.0
1902,3437,300,3437,300,0,0.0,1.0,12.51587963104248,0.0,0.0,0.0
1903,1277,868,1277,868,2,0.0,1.0,-6.487771034240723,0.0,0.0,0.0
1904,6359,967,6359,967,0,0.0,1.0,14.11451244354248,0.0,0.0,0.0
1905,5840,2667,5840,2667,2,0.0,1.0,-4.7181901931762695,0.0,0.0,0.0
1906,516,383,516,383,2,0.0,1.0,-1.4290809631347656,0.0,0.0,0.0
1907,383,4126,383,4126,2,0.0,1.0,9.366068840026855,0.0,0.0,0.0
1908,1298,275,1298,275,0,0.0,1.0,1.2791738510131836,0.0,0.0,0.0
1909,4953,6,4953,6,0,0.0,1.0,1.5497541427612305,0.0,0.0,0.0
1910,7044,17,7044,17,2,0.0,1.0,44.147701263427734,0.0,0.0,0.0
1911,2622,2924,2622,2924,2,0.0,1.0,-10.703518867492676,0.0,0.0,0.0
1912,10044,478,10044,478,0,0.0,1.0,37.731929779052734,0.0,0.0,0.0
1913,25616,11,25616,11,2,0.0,1.0,109.41609954833984,0.0,0.0,0.0
1914,27083,338,27083,338,1,0.0,1.0,106.8465805053711,0.0,0.0,0.0
1915,1068,11,1068,11,2,0.0,1.0,-8.387782096862793,0.0,0.0,0.0
1916,731,76,731,76,2,0.0,1.0,2.463212013244629,0.0,0.0,0.0
1917,1782,1539,1782,1539,2,0.0,1.0,-3.352585792541504,0.0,0.0,0.0
1918,1135,239,1135,239,2,0.0,1.0,1.2575178146362305,0.0,0.0,0.0
1919,1397,253,1397,253,0,0.0,1.0,2.4123029708862305,0.0,0.0,0.0
1920,2972,1,2972,1,0,0.0,1.0,-25.40663719177246,0.0,0.0,0.0
1921,65885,7,65885,7,0,0.0,1.0,296.3859558105469,0.0,0.0,0.0
1922,14034,1557,14034,1557,0,0.0,1.0,43.40597152709961,0.0,0.0,0.0
1923,687,17,687,17,0,0.0,1.0,1.3560047149658203,0.0,0.0,0.0
1924,69030,727,69030,727,1,0.0,1.0,273.2011413574219,0.0,0.0,0.0
1925,4695,917,4695,917,0,0.0,1.0,5.3252058029174805,0.0,0.0,0.0
1926,22499,2787,22499,2787,0,0.0,1.0,62.56704330444336,0.0,0.0,0.0
1927,5208,28,5208,28,1,0.0,1.0,31.175134658813477,0.0,0.0,0.0
1928,5967,1610,5967,1610,0,0.0,1.0,-2.626896858215332,0.0,0.0,0.0
1929,22020,554,22020,554,1,0.0,1.0,92.09627532958984,0.0,0.0,0.0
1930,6519,65,6519,65,2,0.0,1.0,27.023523330688477,0.0,0.0,0.0
1931,12270,394,12270,394,2,0.0,1.0,46.58169174194336,0.0,0.0,0.0
1932,6245,772,6245,772,2,0.0,1.0,17.506296157836914,0.0,0.0,0.0
1933,6052,917,6052,917,0,0.0,1.0,13.399744987487793,0.0,0.0,0.0
1934,12894,512,12894,512,2,0.0,1.0,51.24782943725586,0.0,0.0,0.0
1935,15063,32,15063,32,0,0.0,1.0,83.6955795288086,0.0,0.0,0.0
1936,40149,2749,40149,2749,0,0.0,1.0,143.41207885742188,0.0,0.0,0.0
1937,6424,5682,6424,5682,2,0.0,1.0,-13.113789558410645,0.0,0.0,0.0
1938,7185,1525,7185,1525,0,0.0,1.0,5.4237775802612305,0.0,0.0,0.0
1939,7608,192,7608,192,2,0.0,1.0,29.361597061157227,0.0,0.0,0.0
1940,6341,1328,6341,1328,0,0.0,1.0,5.0631208419799805,0.0,0.0,0.0
1941,38804,319,38804,319,1,0.0,1.0,154.58395385742188,0.0,0.0,0.0
1942,1026,3017,1026,3017,2,0.0,1.0,-13.342633247375488,0.0,0.0,0.0
1943,22091,645,22091,645,2,0.0,1.0,85.38704681396484,0.0,0.0,0.0
1944,9511,480,9511,480,0,0.0,1.0,34.996273040771484,0.0,0.0,0.0
1945,6365,689,6365,689,0,0.0,1.0,19.850122451782227,0.0,0.0,0.0
1946,862,737,862,737,2,0.0,1.0,-1.6630735397338867,0.0,0.0,0.0
1947,15452,592,15452,592,0,0.0,1.0,58.18166732788086,0.0,0.0,0.0
1948,875,1636,875,1636,2,0.0,1.0,-8.334942817687988,0.0,0.0,0.0
1949,6810,105,6810,105,0,0.0,1.0,26.75652503967285,0.0,0.0,0.0
1950,3773,141,3773,141,2,0.0,1.0,14.488917350769043,0.0,0.0,0.0
1951,1202,900,1202,900,2,0.0,1.0,-2.7080507278442383,0.0,0.0,0.0
1952,4112,665,4112,665,0,0.0,1.0,8.534449577331543,0.0,0.0,0.0
1953,6792,1725,6792,1725,2,0.0,1.0,-1.870762825012207,0.0,0.0,0.0
1954,7682,27,7682,27,0,0.0,1.0,78.5173568725586,0.0,0.0,0.0
1955,2438,389,2438,389,2,0.0,1.0,4.9888715744018555,0.0,0.0,0.0
1956,2575,41,2575,41,0,0.0,1.0,29.503999710083008,0.0,0.0,0.0
1957,3976,775,3976,775,0,0.0,1.0,5.7515363693237305,0.0,0.0,0.0
1958,28437,872,28437,872,0,0.0,1.0,110.79158782958984,0.0,0.0,0.0
1959,13914,1719,13914,1719,0,0.0,1.0,39.24276351928711,0.0,0.0,0.0
1960,2235,44,2235,44,2,0.0,1.0,8.819178581237793,0.0,0.0,0.0
1961,5400,262,5400,262,0,0.0,1.0,20.2084903717041,0.0,0.0,0.0
1962,17240,1233,17240,1233,0,0.0,1.0,61.95473861694336,0.0,0.0,0.0
1963,5138,3,5138,3,1,0.0,1.0,40.80662155151367,0.0,0.0,0.0
1964,6783,2,6783,2,0,0.0,1.0,71.19603729248047,0.0,0.0,0.0
1965,22155,53,22155,53,2,0.0,1.0,87.54805755615234,0.0,0.0,0.0
1966,2189,486,2189,486,0,0.0,1.0,1.498255729675293,0.0,0.0,0.0
1967,8588,2297,8588,2297,0,0.0,1.0,-3.427403450012207,0.0,0.0,0.0
1968,32694,879,32694,879,1,0.0,1.0,128.19528198242188,0.0,0.0,0.0
1969,6603,360,6603,360,2,0.0,1.0,25.45890235900879,0.0,0.0,0.0
1970,15838,462,15838,462,2,0.0,1.0,62.48073959350586,0.0,0.0,0.0
1971,4727,715,4727,715,0,0.0,1.0,11.528437614440918,0.0,0.0,0.0
1972,2682,1344,2682,1344,2,0.0,1.0,-6.287503242492676,0.0,0.0,0.0
1973,1205,1283,1205,1283,2,0.0,1.0,-4.5862016677856445,0.0,0.0,0.0
1974,3258,1792,3258,1792,2,0.0,1.0,-15.079174995422363,0.0,0.0,0.0
1975,1695,5302,1695,5302,2,0.0,1.0,-18.612340927124023,0.0,0.0,0.0
1976,4039,168,4039,168,1,0.0,1.0,21.3073673248291,0.0,0.0,0.0
1977,9506,3,9506,3,0,0.0,1.0,20.8268985748291,0.0,0.0,0.0
1978,10093,3223,10093,3223,0,0.0,1.0,-7.824193000793457,0.0,0.0,0.0
1979,2240,4871,2240,4871,2,0.0,1.0,-26.86903953552246,0.0,0.0,0.0
1980,10898,10681,10898,10681,2,0.0,1.0,-35.89407730102539,0.0,0.0,0.0
1981,13871,50,13871,50,0,0.0,1.0,55.99813461303711,0.0,0.0,0.0
1982,18658,451,18658,451,2,0.0,1.0,71.87862396240234,0.0,0.0,0.0
1983,837,1919,837,1919,2,0.0,1.0,-11.385621070861816,0.0,0.0,0.0
1984,12610,476,12610,476,0,0.0,1.0,47.93056869506836,0.0,0.0,0.0
1985,4032,3728,4032,3728,2,0.0,1.0,-10.350605964660645,0.0,0.0,0.0
1986,3373,3718,3373,3718,2,0.0,1.0,-13.03740406036377,0.0,0.0,0.0
1987,2461,1844,2461,1844,2,0.0,1.0,-5.966580390930176,0.0,0.0,0.0
1988,23155,3292,23155,3292,0,0.0,1.0,55.74111557006836,0.0,0.0,0.0
1989,28635,360,28635,360,0,0.0,1.0,112.80574798583984,0.0,0.0,0.0
1990,2987,416,2987,416,0,0.0,1.0,7.526095390319824,0.0,0.0,0.0
1991,3420,1199,3420,1199,0,0.0,1.0,-4.382153511047363,0.0,0.0,0.0
1992,16201,34,16201,34,2,0.0,1.0,100.5351791381836,0.0,0.0,0.0
1993,37066,307,37066,307,1,0.0,1.0,147.10287475585938,0.0,0.0,0.0
1994,167,1877,167,1877,2,0.0,1.0,4.3009138107299805,0.0,0.0,0.0
1995,956,1138,956,1138,2,0.0,1.0,-4.084599494934082,0.0,0.0,0.0
1996,20606,25,20606,25,1,0.0,1.0,89.5586166381836,0.0,0.0,0.0
1997,2149,29,2149,29,2,0.0,1.0,8.996493339538574,0.0,0.0,0.0
1998,3912,100,3912,100,2,0.0,1.0,15.254176139831543,0.0,0.0,0.0
1999,261,1589,261,1589,2,0.0,1.0,0.5809811949729919,0.0,0.0,0.0
2000,3278,1693,3278,1693,2,0.0,1.0,-11.666851997375488,0.0,0.0,0.0
2001,3548,950,3548,950,0,0.0,1.0,-0.5742083191871643,0.0,0.0,0.0
2002,1165,969,1165,969,2,0.0,1.0,-1.8095979690551758,0.0,0.0,0.0
2003,10252,11,10252,11,2,0.0,1.0,59.84023666381836,0.0,0.0,0.0
2004,13218,1253,13218,1253,2,0.0,1.0,44.44875717163086,0.0,0.0,0.0
2005,3817,331,3817,331,0,0.0,1.0,13.419169425964355,0.0,0.0,0.0
2006,9089,1219,9089,1219,0,0.0,1.0,23.484643936157227,0.0,0.0,0.0
2007,1647,555,1647,555,0,0.0,1.0,-1.7255868911743164,0.0,0.0,0.0
2008,47353,3672,47353,3672,0,0.0,1.0,167.78805541992188,0.0,0.0,0.0
2009,8312,2170,8312,2170,0,0.0,1.0,-3.062108039855957,0.0,0.0,0.0
2010,5724,6755,5724,6755,2,0.0,1.0,-24.034414291381836,0.0,0.0,0.0
2011,9667,10,9667,10,1,0.0,1.0,76.50688934326172,0.0,0.0,0.0
2012,30271,291,30271,291,0,0.0,1.0,120.37520599365234,0.0,0.0,0.0
2013,8417,23,8417,23,2,0.0,1.0,33.484615325927734,0.0,0.0,0.0
2014,1382,667,1382,667,2,0.0,1.0,-3.2771310806274414,0.0,0.0,0.0
2015,3880,993,3880,993,0,0.0,1.0,-1.3487443923950195,0.0,0.0,0.0
2016,9634,695,9634,695,0,0.0,1.0,34.62447738647461,0.0,0.0,0.0
2017,502,2,502,2,2,0.0,1.0,3.200556755065918,0.0,0.0,0.0
2018,8853,1419,8853,1419,2,0.0,1.0,18.08538246154785,0.0,0.0,0.0
2019,8871,477,8871,477,0,0.0,1.0,32.757747650146484,0.0,0.0,0.0
2020,14528,12,14528,12,2,0.0,1.0,72.9448471069336,0.0,0.0,0.0
2021,9416,1137,9416,1137,0,0.0,1.0,28.0351505279541,0.0,0.0,0.0
2022,14090,1238,14090,1238,0,0.0,1.0,48.66152572631836,0.0,0.0,0.0
2023,24863,3956,24863,3956,0,0.0,1.0,50.97005844116211,0.0,0.0,0.0
2024,1827,1310,1827,1310,2,0.0,1.0,-6.826859474182129,0.0,0.0,0.0
2025,7278,73,7278,73,2,0.0,1.0,29.129785537719727,0.0,0.0,0.0
2026,6039,2307,6039,2307,0,0.0,1.0,-8.112675666809082,0.0,0.0,0.0
2027,9301,1524,9301,1524,2,0.0,1.0,17.6402530670166,0.0,0.0,0.0
2028,1257,346,1257,346,0,0.0,1.0,-0.3966226875782013,0.0,0.0,0.0
2029,5143,12,5143,12,0,0.0,1.0,52.06325912475586,0.0,0.0,0.0
2030,14758,630,14758,630,0,0.0,1.0,55.05031967163086,0.0,0.0,0.0
2031,7820,528,7820,528,0,0.0,1.0,27.998682022094727,0.0,0.0,0.0
2032,4716,167,4716,167,0,0.0,1.0,17.903833389282227,0.0,0.0,0.0
2033,1102,2359,1102,2359,2,0.0,1.0,-12.870121955871582,0.0,0.0,0.0
2034,6522,150,6522,150,1,0.0,1.0,25.48911476135254,0.0,0.0,0.0
2035,11294,222,11294,222,0,0.0,1.0,46.109981536865234,0.0,0.0,0.0
2036,3079,405,3079,405,0,0.0,1.0,10.505114555358887,0.0,0.0,0.0
2037,2087,708,2087,708,0,0.0,1.0,-1.8541345596313477,0.0,0.0,0.0
2038,2731,4688,2731,4688,2,0.0,1.0,-23.426565170288086,0.0,0.0,0.0
2039,488,2006,488,2006,2,0.0,1.0,-3.8360795974731445,0.0,0.0,0.0
2040,30097,153,30097,153,2,0.0,1.0,119.24239349365234,0.0,0.0,0.0
2041,13537,2118,13537,2118,0,0.0,1.0,28.04888343811035,0.0,0.0,0.0
2042,18302,600,18302,600,0,0.0,1.0,69.4146957397461,0.0,0.0,0.0
2043,4012,161,4012,161,0,0.0,1.0,15.19062328338623,0.0,0.0,0.0
2044,2,48,2,48,2,0.0,1.0,-0.5480690598487854,0.0,0.0,0.0
2045,874,31,874,31,2,0.0,1.0,-52.66914749145508,0.0,0.0,0.0
2046,4987,736,4987,736,2,0.0,1.0,11.433283805847168,0.0,0.0,0.0
2047,5628,288,5628,288,1,0.0,1.0,22.72086524963379,0.0,0.0,0.0
2048,5415,2125,5415,2125,2,0.0,1.0,-7.1262102127075195,0.0,0.0,0.0
2049,2519,100,2519,100,2,0.0,1.0,16.355531692504883,0.0,0.0,0.0
2050,17978,694,17978,694,2,0.0,1.0,67.64766693115234,0.0,0.0,0.0
2051,14066,1005,14066,1005,0,0.0,1.0,49.84048080444336,0.0,0.0,0.0
2052,435,1713,435,1713,2,0.0,1.0,-3.638119697570801,0.0,0.0,0.0
2053,8415,1474,8415,1474,0,0.0,1.0,15.310969352722168,0.0,0.0,0.0
2054,22153,304,22153,304,2,0.0,1.0,87.44112396240234,0.0,0.0,0.0
2055,1291,3036,1291,3036,2,0.0,1.0,-17.1449031829834,0.0,0.0,0.0
2056,6568,103,6568,103,1,0.0,1.0,26.24212074279785,0.0,0.0,0.0
2057,4267,1748,4267,1748,0,0.0,1.0,-4.830624580383301,0.0,0.0,0.0
2058,1182,41,1182,41,2,0.0,1.0,6.414641380310059,0.0,0.0,0.0
2059,2593,1750,2593,1750,2,0.0,1.0,-13.574254035949707,0.0,0.0,0.0
2060,3342,43,3342,43,2,0.0,1.0,18.179521560668945,0.0,0.0,0.0
2061,7118,214,7118,214,1,0.0,1.0,28.213281631469727,0.0,0.0,0.0
2062,49821,502,49821,502,0,0.0,1.0,197.84396362304688,0.0,0.0,0.0
2063,3722,4826,3722,4826,2,0.0,1.0,-17.132558822631836,0.0,0.0,0.0
2064,22036,7038,22036,7038,2,0.0,1.0,-17.671728134155273,0.0,0.0,0.0
2065,101,551,101,551,2,0.0,1.0,-1.226801872253418,0.0,0.0,0.0
2066,590,46,590,46,0,0.0,1.0,-38.86806869506836,0.0,0.0,0.0
2067,10258,495,10258,495,2,0.0,1.0,38.448421478271484,0.0,0.0,0.0
2068,6190,568,6190,568,2,0.0,1.0,21.328943252563477,0.0,0.0,0.0
2069,2625,3033,2625,3033,2,0.0,1.0,-12.346989631652832,0.0,0.0,0.0
2070,2611,1581,2611,1581,2,0.0,1.0,-16.32911491394043,0.0,0.0,0.0
2071,917,1754,917,1754,2,0.0,1.0,-9.104214668273926,0.0,0.0,0.0
2072,11112,2203,11112,2203,0,0.0,1.0,11.677210807800293,0.0,0.0,0.0
2073,6836,1800,6836,1800,0,0.0,1.0,-2.062504768371582,0.0,0.0,0.0
2074,1825,564,1825,564,2,0.0,1.0,-1.0905122756958008,0.0,0.0,0.0
2075,3657,2184,3657,2184,2,0.0,1.0,-21.754201889038086,0.0,0.0,0.0
2076,15405,854,15405,854,0,0.0,1.0,56.68331527709961,0.0,0.0,0.0
2077,3855,26,3855,26,2,0.0,1.0,44.60422897338867,0.0,0.0,0.0
2078,114,3733,114,3733,2,0.0,1.0,7.881098747253418,0.0,0.0,0.0
2079,2702,6,2702,6,2,0.0,1.0,12.879996299743652,0.0,0.0,0.0
2080,6406,4,6406,4,2,0.0,1.0,45.617610931396484,0.0,0.0,0.0
2081,9222,2595,9222,2595,2,0.0,1.0,-4.598607063293457,0.0,0.0,0.0
2082,3102,10,3102,10,2,0.0,1.0,36.33211135864258,0.0,0.0,0.0
2083,7281,4342,7281,4342,2,0.0,1.0,-44.325870513916016,0.0,0.0,0.0
2084,11662,2202,11662,2202,2,0.0,1.0,15.530421257019043,0.0,0.0,0.0
2085,2525,7,2525,7,2,0.0,1.0,-0.29184821248054504,0.0,0.0,0.0
2086,16686,286,16686,286,0,0.0,1.0,65.1521224975586,0.0,0.0,0.0
2087,3684,89,3684,89,2,0.0,1.0,15.434626579284668,0.0,0.0,0.0
2088,6337,300,6337,300,0,0.0,1.0,23.46965980529785,0.0,0.0,0.0
2089,1166,2096,1166,2096,2,0.0,1.0,-10.699162483215332,0.0,0.0,0.0
2090,9515,17,9515,17,2,0.0,1.0,39.53225326538086,0.0,0.0,0.0
2091,2402,1294,2402,1294,2,0.0,1.0,-9.259480476379395,0.0,0.0,0.0
2092,6579,3452,6579,3452,2,0.0,1.0,-21.482641220092773,0.0,0.0,0.0
2093,2713,27,2713,27,2,0.0,1.0,28.294939041137695,0.0,0.0,0.0
2094,1524,2132,1524,2132,2,0.0,1.0,-9.305676460266113,0.0,0.0,0.0
2095,5325,1597,5325,1597,0,0.0,1.0,-1.892247200012207,0.0,0.0,0.0
2096,1789,22,1789,22,2,0.0,1.0,8.04383373260498,0.0,0.0,0.0
2097,26780,131,26780,131,2,0.0,1.0,106.89571380615234,0.0,0.0,0.0
2098,2953,2192,2953,2192,2,0.0,1.0,-8.05626392364502,0.0,0.0,0.0
2099,7891,3153,7891,3153,0,0.0,1.0,-9.940144538879395,0.0,0.0,0.0
2100,3590,22,3590,22,2,0.0,1.0,18.46556282043457,0.0,0.0,0.0
